имя,роль
Мария Кузмина,член группы
Виктор Соловьёв,друг члена группы
Елизавета Александрова,друг члена группы
Ольга Кузнецова,друг члена группы
Марк Тихонов,друг члена группы
Оксана Тарасова,друг члена группы
Елизавета Агафонова,друг члена группы
Кирилл Кузмин,друг члена группы
Анна Богданова,друг члена группы
Зоя Кузмина,друг члена группы
Семён Зимин,друг члена группы
Анатолий Бородин,друг члена группы
Геннадий Жуков,друг члена группы
Яна Симонова,друг члена группы
Анатолий Волков,друг члена группы
Лидия Рязанцева,друг члена группы
Елена Попова,друг члена группы
Галина Волкова,друг члена группы
Ирина Егорова,друг члена группы
Леонид Рязанцев,друг члена группы
Геннадий Белов,друг члена группы
Елена Воробьёва,друг члена группы
Александра Богданова,друг члена группы
Константин Климов,друг члена группы
Борис Козлов,друг члена группы
Алексей Филиппов,друг члена группы
Андрей Комаров,друг члена группы
Василиса Филиппова,друг члена группы
Александр Захаров,друг члена группы
Яна Голубева,друг члена группы
Павел Климов,друг члена группы
Маргарита Титенкова,друг члена группы
Регина Рязанцева,друг члена группы
Виктор Крылов,друг члена группы
Семён Лебедев,друг члена группы
Дарья Богданова,друг члена группы
София Новикова,друг члена группы
Степан Козин,друг члена группы
Оксана Петрова,друг члена группы
Светлана Симонова,друг члена группы
Зоя Васильева,друг члена группы
Олег Логинов,друг члена группы
Виталий Жуков,друг члена группы
Полина Тихонова,друг члена группы
Марина Тихонова,друг члена группы
Дарья Калинина,друг члена группы
Елизавета Боброва,друг члена группы
Тамара Власова,друг члена группы
Дмитрий Рязанцев,друг члена группы
Марина Макарова,друг члена группы
Матвей Волков,друг члена группы
Александр Новиков,друг члена группы
Елизавета Павлова,друг члена группы
Максим Доронин,друг члена группы
Никита Титенков,друг члена группы
Елизавета Тарасова,друг члена группы
Регина Калинина,друг члена группы
Никита Савельев,друг члена группы
Марк Новиков,друг члена группы
Кирилл Доронин,друг члена группы
Марк Иванов,друг члена группы
Леонид Козлов,друг члена группы
Алексей Исаков,друг члена группы
Павел Кузмин,друг члена группы
Виктория Шарова,друг члена группы
Матвей Мельников,друг члена группы
Максим Гусев,друг члена группы
Михаил Харламов,друг члена группы
Тимур Козин,друг члена группы
Наталья Бородина,друг члена группы
Виталий Зимин,друг члена группы
Ирина Андреева,друг члена группы
Глеб Савельев,друг члена группы
Станислав Кузмин,друг члена группы
Андрей Ветров,друг члена группы
Оксана Бородина,друг члена группы
Глеб Петров,друг члена группы
Александра Воробьёва,друг члена группы
Максим Комаров,друг члена группы
Наталья Воробьёва,друг члена группы
Анатолий Жуков,друг члена группы
Яна Баранова,друг члена группы
Виталий Климов,друг члена группы
Любовь Виноградова,друг члена группы
Артём Козлов,друг члена группы
Елизавета Козлова,друг члена группы
Наталья Лебедева,друг члена группы
Вера Боброва,друг члена группы
Илья Волков,друг члена группы
Елена Новикова,друг члена группы
Александра Прохорова,друг члена группы
Матвей Андреев,друг члена группы
Ольга Волкова,друг члена группы
Кирилл Гордеев,друг члена группы
Вероника Белова,друг члена группы
Нина Макарова,друг члена группы
Виктор Зорин,друг члена группы
Семён Морозов,друг члена группы
Юрий Гордеев,друг члена группы
Елена Симонова,друг члена группы
Игорь Павлов,друг члена группы
Елена Андреева,друг члена группы
Олег Ветров,друг члена группы
Марина Боброва,друг члена группы
Даниил Зорин,друг члена группы
Ирина Семёнова,друг члена группы
Михаил Доронин,друг члена группы
Григорий Белов,член группы
Виктория Жукова,друг члена группы
Вероника Лебедева,друг члена группы
Денис Кузмин,друг члена группы
Валерий Павлов,друг члена группы
Вероника Богданова,друг члена группы
Оксана Титенкова,друг члена группы
Светлана Морозова,друг члена группы
Дарья Шарова,друг члена группы
Владимир Доронин,друг члена группы
Виктор Попов,друг члена группы
Алексей Панин,друг члена группы
Павел Соловьёв,друг члена группы
Даниил Гусев,друг члена группы
Дарья Макарова,друг члена группы
Полина Гусева,друг члена группы
Савелий Исаков,друг члена группы
Милана Андреева,друг члена группы
Василий Соловьёв,друг члена группы
Алексей Мельников,друг члена группы
Руслан Шишкин,друг члена группы
Марк Орлов,друг члена группы
Владислав Прохоров,друг члена группы
Андрей Кузмин,друг члена группы
Илья Прохоров,друг члена группы
Елизавета Исакова,друг члена группы
Светлана Жукова,друг члена группы
Игорь Соколов,друг члена группы
Денис Шишкин,друг члена группы
Нина Харламова,друг члена группы
Вера Васильева,друг члена группы
Матвей Беляев,друг члена группы
Захар Харламов,друг члена группы
Глеб Тарасов,друг члена группы
Андрей Исаков,друг члена группы
Светлана Зорина,друг члена группы
Милана Власова,друг члена группы
Григорий Доронин,друг члена группы
Тимур Егоров,друг члена группы
Полина Гордеева,друг члена группы
Даниил Иванов,друг члена группы
Артём Харламов,друг члена группы
Егор Комаров,друг члена группы
Ксения Волкова,друг члена группы
Валентин Исаков,друг члена группы
Семён Макаров,друг члена группы
Екатерина Тарасова,друг члена группы
Алексей Андреев,друг члена группы
Лидия Морозова,друг члена группы
Леонид Беляев,друг члена группы
Ангелина Репина,друг члена группы
Роман Иванов,друг члена группы
Ирина Титенкова,друг члена группы
Василий Мартынов,друг члена группы
Даниил Андреев,друг члена группы
Светлана Логинова,друг члена группы
Руслан Бобров,друг члена группы
Тамара Филиппова,друг члена группы
Варвара Тихонова,друг члена группы
Даниил Савельев,друг члена группы
Надежда Савельева,друг члена группы
Клара Громова,друг члена группы
Люмила Ветрова,друг члена группы
Григорий Макаров,друг члена группы
Борис Шаров,друг члена группы
Роман Киселёв,друг члена группы
Роман Комаров,друг члена группы
Тимур Исаков,друг члена группы
Милана Козлова,друг члена группы
Тимур Никитин,друг члена группы
Маргарита Смирнова,друг члена группы
Василиса Егорова,друг члена группы
Геннадий Зорин,друг члена группы
Милана Симонова,друг члена группы
Елизавета Орлова,друг члена группы
Константин Харламов,друг члена группы
Анатолий Зимин,друг члена группы
Регина Воробьёва,друг члена группы
Юлия Симонова,друг члена группы
Евгений Гордеев,друг члена группы
Татьяна Титенкова,друг члена группы
Руслан Михайлов,друг члена группы
Анатолий Власов,друг члена группы
Борис Зимин,друг члена группы
Ангелина Кузмина,друг члена группы
Милана Ефимова,друг члена группы
Надежда Смирнова,друг члена группы
Наталья Шишкина,друг члена группы
Андрей Попов,друг члена группы
Александра Тарасова,друг члена группы
Лидия Виноградова,друг члена группы
Максим Васильев,друг члена группы
Виктория Козина,друг члена группы
Анастасия Воробьёва,друг члена группы
Светлана Богданова,друг члена группы
Ирина Кузнецова,друг члена группы
Захар Тарасов,друг члена группы
Василий Андреев,друг члена группы
Гавриил Зорин,друг члена группы
Тамара Зайцева,друг члена группы
Василиса Попова,друг члена группы
Денис Калинин,друг члена группы
Оскар Зимин,друг члена группы
Тимур Громов,друг члена группы
Владимир Логинов,друг члена группы
София Фёдорова,друг члена группы
Люмила Симонова,друг члена группы
Яна Харламова,друг члена группы
Маргарита Ковалёва,друг члена группы
Павел Александров,друг члена группы
Егор Андреев,друг члена группы
Александр Власов,друг члена группы
Артём Панин,друг члена группы
Люмила Климова,друг члена группы
Владислав Волков,друг члена группы
Александра Мельникова,друг члена группы
Любовь Савельева,друг члена группы
Татьяна Степанова,друг члена группы
Кирилл Калинин,друг члена группы
Никита Шишкин,друг члена группы
Савелий Доронин,друг члена группы
Василий Логинов,друг члена группы
Игорь Киселёв,друг члена группы
Владислав Филиппов,друг члена группы
Глеб Михайлов,друг члена группы
Савелий Журавлёв,друг члена группы
Кирилл Бобров,друг члена группы
Ирина Беляева,друг члена группы
Владимир Фёдоров,друг члена группы
Захар Симонов,друг члена группы
Алексей Лебедев,друг члена группы
Юлия Громова,друг члена группы
Иван Баранов,друг члена группы
Егор Зимин,друг члена группы
Сергей Ефимов,друг члена группы
Надежда Васильева,друг члена группы
Регина Громова,друг члена группы
Леонид Лебедев,друг члена группы
Матвей Зорин,друг члена группы
Павел Зайцев,друг члена группы
Милана Орлова,друг члена группы
Ангелина Савельева,друг члена группы
Марина Титенкова,друг члена группы
Юрий Козлов,друг члена группы
Ирина Белова,друг члена группы
Вероника Волкова,друг члена группы
Станислав Доронин,друг члена группы
Иван Гусев,друг члена группы
Степан Мельников,друг члена группы
Марк Баранов,друг члена группы
Яна Морозова,друг члена группы
Вероника Тарасова,друг члена группы
Глеб Орлов,друг члена группы
Люмила Голубева,друг члена группы
Олег Сорокин,друг члена группы
Василиса Баранова,друг члена группы
Руслан Зорин,друг члена группы
Люмила Тихонова,друг члена группы
Варвара Волкова,друг члена группы
София Власова,друг члена группы
Мария Александрова,друг члена группы
Аркадий Смирнов,друг члена группы
Люмила Попова,друг члена группы
Полина Мельникова,друг члена группы
Варвара Кузмина,друг члена группы
Кирилл Харламов,друг члена группы
Любовь Александрова,друг члена группы
Михаил Богданов,друг члена группы
Василий Репин,друг члена группы
Евгений Доронин,друг члена группы
Николай Филиппов,друг члена группы
Дмитрий Прохоров,друг члена группы
Анна Шарова,друг члена группы
Сергей Беляев,друг члена группы
Лидия Репина,друг члена группы
Наталья Белова,друг члена группы
Виктор Баранов,друг члена группы
Василий Громов,друг члена группы
Леонид Макаров,друг члена группы
Марина Доронина,друг члена группы
Тимур Александров,друг члена группы
Дмитрий Козин,друг члена группы
Дарья Репина,друг члена группы
Галина Крылова,друг члена группы
Милана Журавлёва,друг члена группы
Александра Логинова,друг члена группы
Ангелина Беляева,друг члена группы
Вера Семёнова,друг члена группы
Люмила Агафонова,друг члена группы
Илья Ковалёв,друг члена группы
Галина Зорина,друг члена группы
Маргарита Громова,друг члена группы
Варвара Симонова,друг члена группы
Валерий Доронин,друг члена группы
Ангелина Логинова,друг члена группы
Алина Макарова,друг члена группы
Екатерина Гусева,друг члена группы
Савелий Мельников,друг члена группы
Ангелина Никитина,друг члена группы
Юлия Тихонова,друг члена группы
Зоя Бородина,друг члена группы
Варвара Бородина,друг члена группы
Яна Петрова,друг члена группы
Милана Виноградова,друг члена группы
Игорь Зимин,друг члена группы
Регина Волкова,друг члена группы
Елизавета Егорова,друг члена группы
Любовь Шарова,друг члена группы
Андрей Макаров,друг члена группы
Галина Киселёва,друг члена группы
София Бородина,друг члена группы
Ирина Ветрова,друг члена группы
Фёдор Кузнецов,друг члена группы
Сергей Степанов,друг члена группы
Денис Голубев,друг члена группы
Тимур Гордеев,друг члена группы
Полина Воробьёва,друг члена группы
Юрий Егоров,друг члена группы
Александра Репина,друг члена группы
Дарья Киселёва,друг члена группы
Игорь Логинов,друг члена группы
Иван Козин,друг члена группы
Елизавета Богданова,друг члена группы
София Ефимова,друг члена группы
Фёдор Тарасов,друг члена группы
Надежда Соловьёва,друг члена группы
Матвей Панин,друг члена группы
Галина Смирнова,друг члена группы
Регина Кузмина,друг члена группы
Аркадий Лебедев,друг члена группы
Любовь Баранова,друг члена группы
Екатерина Панина,друг члена группы
Владислав Ефимов,друг члена группы
Юлия Бородина,друг члена группы
Ольга Сорокина,друг члена группы
Ольга Рязанцева,друг члена группы
Тимур Фёдоров,друг члена группы
Глеб Рязанцев,друг члена группы
Люмила Воробьёва,друг члена группы
Максим Степанов,друг члена группы
Андрей Голубев,друг члена группы
Екатерина Захарова,член группы
Оксана Рязанцева,друг члена группы
Евгений Петров,друг члена группы
Дмитрий Логинов,друг члена группы
Савелий Жуков,друг члена группы
Анастасия Соловьёва,друг члена группы
Надежда Кузнецова,друг члена группы
Оксана Власова,друг члена группы
Екатерина Новикова,друг члена группы
Яна Зорина,друг члена группы
Светлана Семёнова,друг члена группы
Алексей Зорин,друг члена группы
Светлана Бородина,друг члена группы
Глеб Семёнов,друг члена группы
Владимир Шаров,друг члена группы
Савелий Виноградов,друг члена группы
Ирина Громова,друг члена группы
Люмила Соколова,друг члена группы
Виктория Ветрова,друг члена группы
Павел Рязанцев,друг члена группы
Аркадий Калинин,друг члена группы
Евгения Козлова,друг члена группы
Владислав Зайцев,друг члена группы
Яна Александрова,друг члена группы
Тамара Смирнова,друг члена группы
Валерий Андреев,друг члена группы
Василиса Белова,друг члена группы
Семён Доронин,друг члена группы
Артём Киселёв,друг члена группы
Роман Павлов,друг члена группы
Полина Васильева,друг члена группы
Мария Павлова,друг члена группы
Павел Власов,друг члена группы
Игорь Лебедев,друг члена группы
Тимур Бобров,друг члена группы
Андрей Мельников,друг члена группы
Владимир Крылов,друг члена группы
Юрий Попов,друг члена группы
Клара Зорина,друг члена группы
Пётр Козлов,друг члена группы
Регина Титенкова,друг члена группы
Любовь Ветрова,друг члена группы
Николай Власов,друг члена группы
Елена Павлова,друг члена группы
Леонид Доронин,друг члена группы
Ангелина Боброва,друг члена группы
Илья Харламов,друг члена группы
Василий Васильев,друг члена группы
Оксана Комарова,друг члена группы
Марк Гусев,друг члена группы
Руслан Прохоров,друг члена группы
Михаил Филиппов,друг члена группы
Валентин Ефимов,друг члена группы
Роман Мельников,друг члена группы
Николай Александров,друг члена группы
Савелий Калинин,друг члена группы
Оксана Козлова,друг члена группы
Оксана Климова,друг члена группы
Дмитрий Гусев,друг члена группы
Валентин Титенков,друг члена группы
Наталья Баранова,друг члена группы
Евгения Соловьёва,друг члена группы
Виктория Виноградова,друг члена группы
Екатерина Соловьёва,друг члена группы
Даниил Калинин,друг члена группы
Константин Орлов,друг члена группы
Валентин Ковалёв,член группы
Константин Сорокин,друг члена группы
Евгения Иванова,друг члена группы
Роман Гордеев,друг члена группы
Елена Голубева,друг члена группы
Виктория Егорова,друг члена группы
Валерий Богданов,друг члена группы
Виталий Власов,друг члена группы
Василиса Волкова,друг члена группы
Наталья Волкова,друг члена группы
Егор Агафонов,друг члена группы
Семён Крылов,друг члена группы
Денис Васильев,друг члена группы
Аркадий Громов,друг члена группы
Марина Попова,друг члена группы
Степан Козлов,друг члена группы
Фёдор Комаров,друг члена группы
Вероника Степанова,друг члена группы
Иван Репин,друг члена группы
Полина Павлова,друг члена группы
Захар Киселёв,друг члена группы
Евгения Морозова,друг члена группы
Савелий Попов,друг члена группы
Руслан Морозов,друг члена группы
Василиса Титенкова,друг члена группы
Милана Степанова,друг члена группы
Пётр Власов,друг члена группы
Юрий Логинов,друг члена группы
Анастасия Александрова,друг члена группы
Михаил Андреев,друг члена группы
Евгений Бобров,друг члена группы
Фёдор Зимин,друг члена группы
Гавриил Воробьёв,друг члена группы
Леонид Васильев,друг члена группы
Алина Шишкина,друг члена группы
Оскар Голубев,друг члена группы
Роман Ефимов,друг члена группы
Степан Виноградов,друг члена группы
Елена Фёдорова,друг члена группы
Любовь Козина,друг члена группы
Маргарита Савельева,друг члена группы
Василиса Власова,друг члена группы
Нина Виноградова,друг члена группы
Максим Ветров,друг члена группы
Люмила Козлова,друг члена группы
Андрей Сорокин,друг члена группы
Алексей Козлов,друг члена группы
Григорий Морозов,друг члена группы
Татьяна Тихонова,друг члена группы
Ольга Савельева,друг члена группы
Василиса Беляева,друг члена группы
Максим Тихонов,друг члена группы
Сергей Савельев,друг члена группы
Валерий Волков,друг члена группы
Полина Попова,друг члена группы
Егор Ветров,друг члена группы
Лидия Богданова,друг члена группы
Григорий Никитин,друг члена группы
Валерий Лебедев,друг члена группы
Зоя Новикова,друг члена группы
Даниил Никитин,друг члена группы
Виталий Виноградов,друг члена группы
Кирилл Голубев,друг члена группы
Марина Захарова,друг члена группы
Захар Волков,друг члена группы
Анатолий Исаков,друг члена группы
Клара Александрова,друг члена группы
София Крылова,друг члена группы
Владимир Сорокин,друг члена группы
Артём Зимин,друг члена группы
Любовь Беляева,друг члена группы
Виктор Виноградов,друг члена группы
Михаил Тихонов,друг члена группы
Клара Соколова,друг члена группы
Лидия Павлова,друг члена группы
Василий Воробьёв,друг члена группы
Ольга Гусева,друг члена группы
Виталий Макаров,друг члена группы
Лидия Баранова,друг члена группы
Варвара Киселёва,друг члена группы
Марина Мельникова,друг члена группы
Алина Калинина,друг члена группы
Василиса Ветрова,друг члена группы
Григорий Егоров,друг члена группы
Милана Богданова,друг члена группы
Тамара Семёнова,друг члена группы
Наталья Журавлёва,друг члена группы
Оксана Соловьёва,друг члена группы
Клара Зайцева,друг члена группы
Семён Богданов,друг члена группы
Илья Голубев,друг члена группы
Татьяна Орлова,друг члена группы
Евгения Кузнецова,друг члена группы
Евгений Тихонов,друг члена группы
Пётр Филиппов,друг члена группы
Зоя Голубева,друг члена группы
Григорий Мельников,друг члена группы
Юлия Мельникова,друг члена группы
Иван Волков,друг члена группы
Артём Виноградов,друг члена группы
Тамара Боброва,друг члена группы
Гавриил Баранов,друг члена группы
Дмитрий Лебедев,друг члена группы
Леонид Логинов,друг члена группы
Александр Симонов,друг члена группы
Илья Макаров,друг члена группы
Галина Титенкова,друг члена группы
Геннадий Макаров,друг члена группы
Полина Волкова,друг члена группы
Анастасия Новикова,друг члена группы
Елизавета Тихонова,друг члена группы
Вера Доронина,друг члена группы
Максим Попов,друг члена группы
Анастасия Ефимова,друг члена группы
Евгения Новикова,друг члена группы
Виталий Соловьёв,друг члена группы
Зоя Семёнова,друг члена группы
Глеб Зимин,друг члена группы
Полина Козина,друг члена группы
Надежда Михайлова,друг члена группы
Елена Логинова,друг члена группы
Владислав Попов,друг члена группы
Ольга Филиппова,друг члена группы
Вера Захарова,друг члена группы
Елизавета Мельникова,друг члена группы
Семён Беляев,друг члена группы
Гавриил Лебедев,друг члена группы
Зоя Ковалёва,друг члена группы
Владимир Харламов,друг члена группы
Варвара Никитина,друг члена группы
Станислав Репин,друг члена группы
Анастасия Мартынова,друг члена группы
Николай Титенков,друг члена группы
Степан Михайлов,друг члена группы
Нина Соловьёва,друг члена группы
Валентин Степанов,друг члена группы
Степан Титенков,друг члена группы
Егор Шишкин,друг члена группы
Виталий Панин,друг члена группы
София Кузмина,друг члена группы
Наталья Морозова,друг члена группы
Ксения Кузнецова,друг члена группы
Степан Ветров,друг члена группы
Анастасия Рязанцева,друг члена группы
Матвей Соколов,друг члена группы
Варвара Калинина,друг члена группы
Клара Рязанцева,друг члена группы
Оскар Кузмин,друг члена группы
Дмитрий Кузнецов,друг члена группы
Любовь Мартынова,друг члена группы
Даниил Зайцев,друг члена группы
Игорь Савельев,друг члена группы
Юрий Баранов,друг члена группы
Любовь Тарасова,друг члена группы
Андрей Савельев,друг члена группы
Захар Ветров,друг члена группы
Нина Шишкина,друг члена группы
Оксана Шарова,друг члена группы
Фёдор Богданов,друг члена группы
Полина Рязанцева,друг члена группы
Светлана Тарасова,друг члена группы
Даниил Павлов,друг члена группы
Татьяна Новикова,друг члена группы
Захар Журавлёв,друг члена группы
Милана Морозова,друг члена группы
Борис Морозов,друг члена группы
Аркадий Мартынов,друг члена группы
Гавриил Доронин,друг члена группы
Сергей Зайцев,друг члена группы
Марина Воробьёва,друг члена группы
Захар Орлов,друг члена группы
Никита Баранов,друг члена группы
Оксана Кузмина,друг члена группы
Фёдор Симонов,друг члена группы
Оскар Воробьёв,друг члена группы
Маргарита Виноградова,друг члена группы
Юрий Зимин,друг члена группы
Мария Волкова,друг члена группы
Оскар Жуков,друг члена группы
Василиса Агафонова,друг члена группы
Мария Репина,друг члена группы
Елизавета Степанова,друг члена группы
Марина Журавлёва,друг члена группы
Аркадий Прохоров,друг члена группы
Андрей Козлов,друг члена группы
Тимур Журавлёв,друг члена группы
Валерий Голубев,друг члена группы
Захар Филиппов,друг члена группы
Евгения Прохорова,друг члена группы
Константин Савельев,друг члена группы
Михаил Лебедев,друг члена группы
Анатолий Агафонов,друг члена группы
Олег Власов,друг члена группы
Нина Беляева,друг члена группы
Любовь Крылова,друг члена группы
Фёдор Репин,друг члена группы
Павел Комаров,друг члена группы
Иван Соловьёв,друг члена группы
Игорь Рязанцев,друг члена группы
Анастасия Попова,друг члена группы
Матвей Климов,друг члена группы
Даниил Баранов,друг члена группы
Илья Савельев,друг члена группы
Люмила Зайцева,друг члена группы
Михаил Захаров,друг члена группы
Валерий Климов,друг члена группы
Дарья Тарасова,друг члена группы
Регина Тихонова,друг члена группы
Алексей Семёнов,друг члена группы
Надежда Мартынова,друг члена группы
Степан Крылов,друг члена группы
Юрий Филиппов,друг члена группы
Юрий Зорин,друг члена группы
Вера Крылова,друг члена группы
Василиса Зорина,друг члена группы
Пётр Калинин,друг члена группы
Дмитрий Агафонов,друг члена группы
Мария Мельникова,друг члена группы
Оскар Киселёв,друг члена группы
Маргарита Журавлёва,друг члена группы
Леонид Егоров,друг члена группы
Аркадий Андреев,друг члена группы
Егор Филиппов,друг члена группы
Тимур Белов,друг члена группы
Гавриил Мельников,друг члена группы
Наталья Семёнова,друг члена группы
Надежда Боброва,друг члена группы
Станислав Логинов,друг члена группы
Зоя Шарова,друг члена группы
Гавриил Жуков,друг члена группы
Алина Андреева,друг члена группы
Фёдор Орлов,друг члена группы
Марина Баранова,друг члена группы
Любовь Филиппова,друг члена группы
Даниил Кузмин,друг члена группы
Матвей Шаров,друг члена группы
Евгений Шишкин,друг члена группы
Дарья Степанова,друг члена группы
Егор Ефимов,друг члена группы
Виктория Тарасова,друг члена группы
Юлия Соловьёва,друг члена группы
Маргарита Макарова,друг члена группы
Валентин Бобров,друг члена группы
Марк Лебедев,друг члена группы
Валерий Мельников,друг члена группы
Гавриил Семёнов,друг члена группы
Даниил Богданов,друг члена группы
Максим Журавлёв,друг члена группы
Галина Власова,друг члена группы
Сергей Александров,друг члена группы
Екатерина Симонова,друг члена группы
Ольга Фёдорова,друг члена группы
Станислав Соколов,друг члена группы
Регина Репина,друг члена группы
Савелий Степанов,друг члена группы
Анна Зорина,друг члена группы
Ирина Исакова,друг члена группы
Оскар Шаров,друг члена группы
Владислав Васильев,друг члена группы
Виталий Логинов,друг члена группы
Полина Петрова,друг члена группы
Галина Гордеева,друг члена группы
Алина Фёдорова,друг члена группы
Татьяна Прохорова,друг члена группы
Полина Семёнова,друг члена группы
Павел Иванов,друг члена группы
Павел Савельев,друг члена группы
Зоя Зорина,друг члена группы
Василиса Петрова,друг члена группы
Владимир Макаров,друг члена группы
Марина Зайцева,друг члена группы
Галина Калинина,друг члена группы
Екатерина Семёнова,член группы
Руслан Калинин,друг члена группы
Даниил Мельников,друг члена группы
Виктория Андреева,друг члена группы
Тамара Волкова,друг члена группы
Матвей Васильев,друг члена группы
Даниил Тихонов,друг члена группы
Глеб Виноградов,друг члена группы
Никита Ветров,друг члена группы
Артём Громов,друг члена группы
Яна Павлова,друг члена группы
Яна Гордеева,друг члена группы
Руслан Сорокин,член группы
Регина Ефимова,друг члена группы
Виктория Морозова,друг члена группы
Геннадий Новиков,друг члена группы
Наталья Новикова,друг члена группы
Надежда Соколова,друг члена группы
Станислав Семёнов,друг члена группы
Милана Калинина,друг члена группы
Ангелина Егорова,друг члена группы
Валентин Шаров,друг члена группы
Геннадий Зайцев,друг члена группы
Глеб Захаров,друг члена группы
Екатерина Иванова,друг члена группы
Марина Козина,друг члена группы
Елизавета Титенкова,друг члена группы
Екатерина Андреева,друг члена группы
Роман Кузмин,друг члена группы
Виталий Васильев,друг члена группы
Валентин Агафонов,друг члена группы
Мария Макарова,друг члена группы
Михаил Соколов,друг члена группы
Алексей Прохоров,друг члена группы
Глеб Комаров,друг члена группы
Роман Мартынов,друг члена группы
Фёдор Кузмин,друг члена группы
Кирилл Фёдоров,друг члена группы
София Климова,друг члена группы
Геннадий Егоров,друг члена группы
Нина Агафонова,друг члена группы
Фёдор Егоров,друг члена группы
Глеб Мельников,друг члена группы
Марк Зорин,друг члена группы
Дарья Козина,друг члена группы
Оксана Гусева,друг члена группы
Оксана Боброва,друг члена группы
Павел Ефимов,друг члена группы
Оскар Волков,друг члена группы
Алина Лебедева,друг члена группы
Аркадий Попов,друг члена группы
Алина Климова,друг члена группы
Артём Исаков,друг члена группы
Иван Комаров,друг члена группы
Светлана Журавлёва,друг члена группы
Тамара Белова,друг члена группы
Павел Доронин,друг члена группы
Оскар Панин,друг члена группы
Яна Бородина,друг члена группы
Надежда Филиппова,друг члена группы
Анастасия Филиппова,друг члена группы
Матвей Орлов,друг члена группы
Мария Жукова,друг члена группы
Маргарита Агафонова,друг члена группы
Владислав Исаков,друг члена группы
Александр Громов,друг члена группы
Виталий Шаров,друг члена группы
Глеб Козлов,друг члена группы
Елена Лебедева,друг члена группы
Милана Семёнова,друг члена группы
Анна Комарова,друг члена группы
Анастасия Козлова,друг члена группы
Лидия Журавлёва,друг члена группы
Мария Иванова,друг члена группы
Милана Петрова,друг члена группы
Виталий Кузмин,друг члена группы
Михаил Бобров,друг члена группы
Владислав Бобров,друг члена группы
Геннадий Ковалёв,друг члена группы
Татьяна Калинина,друг члена группы
Василий Орлов,друг члена группы
Николай Соколов,друг члена группы
Анатолий Егоров,друг члена группы
Наталья Петрова,друг члена группы
Татьяна Репина,друг члена группы
Зоя Гордеева,друг члена группы
Ирина Боброва,друг члена группы
Екатерина Комарова,друг члена группы
Василиса Мельникова,друг члена группы
Василиса Соколова,друг члена группы
Борис Смирнов,друг члена группы
Маргарита Голубева,друг члена группы
Регина Морозова,друг члена группы
Матвей Макаров,друг члена группы
Ангелина Шарова,друг члена группы
Семён Семёнов,друг члена группы
Евгения Лебедева,друг члена группы
Марк Морозов,друг члена группы
Гавриил Захаров,друг члена группы
Нина Кузнецова,друг члена группы
Варвара Громова,друг члена группы
Даниил Егоров,друг члена группы
Аркадий Егоров,друг члена группы
Юрий Степанов,друг члена группы
Елена Волкова,друг члена группы
Анатолий Виноградов,друг члена группы
Нина Рязанцева,друг члена группы
Иван Сорокин,друг члена группы
Семён Ковалёв,друг члена группы
Николай Михайлов,друг члена группы
Даниил Климов,друг члена группы
Даниил Александров,друг члена группы
Нина Никитина,друг члена группы
Оксана Андреева,друг члена группы
Ксения Егорова,друг члена группы
Константин Зорин,друг члена группы
Роман Новиков,друг члена группы
Константин Агафонов,друг члена группы
Андрей Рязанцев,друг члена группы
Павел Репин,друг члена группы
Алина Логинова,друг члена группы
Фёдор Иванов,друг члена группы
Зоя Егорова,друг члена группы
Зоя Ветрова,друг члена группы
Оскар Семёнов,друг члена группы
Степан Тарасов,друг члена группы
Станислав Захаров,друг члена группы
Галина Громова,друг члена группы
Александра Власова,друг члена группы
Евгений Рязанцев,друг члена группы
Матвей Тарасов,друг члена группы
Елизавета Михайлова,друг члена группы
Оксана Кузнецова,друг члена группы
Яна Белова,друг члена группы
Григорий Новиков,друг члена группы
Милана Репина,друг члена группы
Фёдор Макаров,друг члена группы
Роман Титенков,друг члена группы
Елена Савельева,друг члена группы
Надежда Прохорова,друг члена группы
Милана Шарова,друг члена группы
Владимир Симонов,друг члена группы
Татьяна Соловьёва,друг члена группы
Евгения Воробьёва,друг члена группы
Ольга Гордеева,друг члена группы
Регина Исакова,друг члена группы
София Соловьёва,друг члена группы
Игорь Орлов,друг члена группы
Клара Климова,друг члена группы
Василиса Орлова,друг члена группы
Евгений Козин,друг члена группы
Маргарита Тихонова,друг члена группы
Пётр Журавлёв,друг члена группы
Тимур Волков,друг члена группы
Виталий Голубев,друг члена группы
Валерий Логинов,друг члена группы
Клара Журавлёва,друг члена группы
Михаил Ветров,друг члена группы
Варвара Филиппова,друг члена группы
Алексей Васильев,друг члена группы
Валерий Соловьёв,друг члена группы
Ксения Андреева,друг члена группы
Оксана Богданова,друг члена группы
Денис Козин,друг члена группы
Евгений Михайлов,друг члена группы
Валентин Харламов,друг члена группы
Савелий Тарасов,друг члена группы
Денис Никитин,друг члена группы
Артём Белов,друг члена группы
Захар Новиков,друг члена группы
Владислав Логинов,друг члена группы
Валентин Громов,друг члена группы
Маргарита Васильева,друг члена группы
Руслан Фёдоров,друг члена группы
Марина Волкова,друг члена группы
Нина Зайцева,друг члена группы
Дмитрий Михайлов,друг члена группы
Роман Крылов,друг члена группы
Степан Семёнов,друг члена группы
София Михайлова,друг члена группы
Глеб Фёдоров,друг члена группы
Борис Савельев,друг члена группы
Евгения Петрова,друг члена группы
Владислав Никитин,друг члена группы
Вера Репина,друг члена группы
Александр Агафонов,друг члена группы
Матвей Кузнецов,друг члена группы
Екатерина Степанова,друг члена группы
Марк Симонов,друг члена группы
Гавриил Логинов,друг члена группы
Любовь Доронина,друг члена группы
Василиса Васильева,друг члена группы
Ольга Ветрова,друг члена группы
Александра Зорина,друг члена группы
Николай Ветров,друг члена группы
Светлана Макарова,друг члена группы
Савелий Шишкин,друг члена группы
Лидия Титенкова,друг члена группы
Виктор Белов,друг члена группы
Наталья Гордеева,друг члена группы
Константин Симонов,друг члена группы
Захар Степанов,друг члена группы
Константин Крылов,друг члена группы
Юлия Павлова,друг члена группы
Захар Власов,друг члена группы
Леонид Ковалёв,друг члена группы
Гавриил Александров,друг члена группы
Савелий Кузмин,друг члена группы
Анастасия Логинова,друг члена группы
Нина Иванова,друг члена группы
Татьяна Логинова,друг члена группы
Регина Комарова,друг члена группы
Виктория Репина,друг члена группы
Григорий Зимин,друг члена группы
Юлия Гордеева,друг члена группы
Зоя Лебедева,друг члена группы
Денис Тарасов,друг члена группы
Юлия Зорина,друг члена группы
Константин Александров,друг члена группы
Леонид Сорокин,друг члена группы
Екатерина Титенкова,друг члена группы
Ирина Иванова,друг члена группы
Андрей Павлов,друг члена группы
Клара Ветрова,друг члена группы
Василий Зимин,друг члена группы
София Павлова,друг члена группы
Марк Никитин,друг члена группы
Михаил Соловьёв,друг члена группы
Фёдор Семёнов,друг члена группы
Дарья Новикова,друг члена группы
Анна Воробьёва,друг члена группы
Виталий Комаров,друг члена группы
Дарья Гусева,друг члена группы
Варвара Комарова,друг члена группы
Михаил Семёнов,друг члена группы
Маргарита Никитина,друг члена группы
Денис Филиппов,друг члена группы
Александра Кузмина,друг члена группы
Александра Доронина,друг члена группы
Тамара Баранова,друг члена группы
Мария Зорина,друг члена группы
Евгений Степанов,друг члена группы
Елена Боброва,друг члена группы
Анна Рязанцева,друг члена группы
Юлия Никитина,друг члена группы
Аркадий Фёдоров,друг члена группы
Елена Смирнова,друг члена группы
Анна Жукова,друг члена группы
Сергей Захаров,друг члена группы
Вера Агафонова,друг члена группы
Евгений Волков,друг члена группы
Елизавета Виноградова,друг члена группы
Фёдор Волков,друг члена группы
Регина Новикова,друг члена группы
Денис Макаров,друг члена группы
Николай Харламов,друг члена группы
Савелий Фёдоров,друг члена группы
Захар Семёнов,друг члена группы
Ксения Репина,друг члена группы
Клара Мартынова,друг члена группы
Вероника Воробьёва,друг члена группы
Савелий Ковалёв,друг члена группы
Светлана Кузнецова,друг члена группы
Денис Ковалёв,друг члена группы
Вероника Морозова,друг члена группы
Илья Рязанцев,друг члена группы
Матвей Воробьёв,друг члена группы
Игорь Соловьёв,друг члена группы
Светлана Киселёва,друг члена группы
Анна Попова,друг члена группы
Анна Андреева,друг члена группы
Владимир Никитин,друг члена группы
Полина Соколова,друг члена группы
Тимур Филиппов,друг члена группы
Андрей Калинин,друг члена группы
Никита Попов,друг члена группы
Елена Козина,друг члена группы
Марина Власова,друг члена группы
Руслан Петров,друг члена группы
Григорий Гордеев,друг члена группы
Лидия Андреева,друг члена группы
Кирилл Репин,друг члена группы
Алина Шарова,друг члена группы
Александра Виноградова,друг члена группы
Тимур Кузнецов,друг члена группы
Геннадий Петров,друг члена группы
Анна Егорова,друг члена группы
Марина Соловьёва,друг члена группы
Павел Агафонов,друг члена группы
Сергей Голубев,друг члена группы
Татьяна Попова,друг члена группы
Клара Гусева,друг члена группы
Татьяна Бородина,друг члена группы
Наталья Харламова,друг члена группы
Юлия Макарова,друг члена группы
Борис Захаров,друг члена группы
Нина Филиппова,друг члена группы
Олег Савельев,друг члена группы
Тимур Зайцев,друг члена группы
Виктория Савельева,друг члена группы
Игорь Зайцев,друг члена группы
Аркадий Зорин,друг члена группы
Тамара Попова,друг члена группы
Борис Голубев,друг члена группы
Павел Панин,друг члена группы
Сергей Зорин,друг члена группы
Станислав Кузнецов,друг члена группы
Варвара Климова,друг члена группы
Александра Бородина,друг члена группы
Виктор Зайцев,друг члена группы
Гавриил Орлов,друг члена группы
Евгений Калинин,друг члена группы
Татьяна Жукова,друг члена группы
Алина Ветрова,друг члена группы
Татьяна Исакова,друг члена группы
Руслан Лебедев,друг члена группы
Матвей Харламов,друг члена группы
Аркадий Титенков,друг члена группы
Артём Михайлов,друг члена группы
Егор Виноградов,друг члена группы
Юрий Андреев,друг члена группы
Любовь Гусева,друг члена группы
Надежда Козлова,друг члена группы
Анатолий Семёнов,друг члена группы
Оскар Бобров,друг члена группы
Глеб Смирнов,друг члена группы
Евгения Журавлёва,друг члена группы
Любовь Шишкина,друг члена группы
Вера Власова,друг члена группы
Марк Кузнецов,друг члена группы
Кирилл Киселёв,друг члена группы
Наталья Орлова,друг члена группы
Ангелина Панина,друг члена группы
Полина Фёдорова,друг члена группы
Борис Панин,друг члена группы
Мария Панина,друг члена группы
Василиса Голубева,друг члена группы
Алина Репина,друг члена группы
Полина Громова,друг члена группы
Сергей Киселёв,друг члена группы
Мария Боброва,друг члена группы
Валерий Тарасов,друг члена группы
Зоя Фёдорова,друг члена группы
Нина Козлова,друг члена группы
Анастасия Захарова,друг члена группы
Олег Харламов,друг члена группы
Даниил Панин,друг члена группы
Виталий Степанов,друг члена группы
Виталий Иванов,друг члена группы
Василиса Захарова,друг члена группы
Борис Орлов,друг члена группы
Ирина Репина,друг члена группы
Савелий Морозов,друг члена группы
Борис Воробьёв,друг члена группы
Игорь Белов,друг члена группы
Андрей Шишкин,друг члена группы
Михаил Иванов,друг члена группы
Евгения Шарова,друг члена группы
Максим Орлов,друг члена группы
Андрей Соколов,друг члена группы
Борис Жуков,друг члена группы
Елена Зимина,друг члена группы
Анатолий Богданов,друг члена группы
Оксана Александрова,друг члена группы
Юрий Журавлёв,друг члена группы
София Воробьёва,друг члена группы
София Богданова,друг члена группы
Валерий Белов,друг члена группы
Милана Доронина,друг члена группы
Елизавета Жукова,друг члена группы
Дарья Лебедева,друг члена группы
Денис Александров,друг члена группы
Валентин Журавлёв,друг члена группы
Пётр Белов,друг члена группы
Григорий Волков,друг члена группы
Дмитрий Сорокин,друг члена группы
Надежда Громова,друг члена группы
Вероника Александрова,друг члена группы
Ангелина Михайлова,друг члена группы
Анатолий Калинин,друг члена группы
Алексей Жуков,друг члена группы
Василиса Козлова,друг члена группы
Василий Бородин,друг члена группы
Геннадий Шаров,друг члена группы
Семён Киселёв,друг члена группы
Ангелина Мартынова,друг члена группы
Евгений Соколов,друг члена группы
Клара Голубева,друг члена группы
Семён Савельев,друг члена группы
Олег Комаров,друг члена группы
Юлия Попова,друг члена группы
Аркадий Харламов,друг члена группы
Леонид Голубев,друг члена группы
Вероника Филиппова,друг члена группы
Елена Александрова,друг члена группы
Константин Мартынов,друг члена группы
Иван Мартынов,друг члена группы
Светлана Агафонова,друг члена группы
Матвей Бородин,друг члена группы
Василиса Бородина,друг члена группы
Елизавета Шишкина,друг члена группы
Вероника Никитина,друг члена группы
Константин Прохоров,друг члена группы
Степан Прохоров,друг члена группы
Валерий Макаров,друг члена группы
Максим Ковалёв,друг члена группы
Мария Зимина,друг члена группы
Марина Сорокина,друг члена группы
Александр Бородин,друг члена группы
Савелий Ветров,друг члена группы
Нина Ковалёва,друг члена группы
Тамара Александрова,друг члена группы
Артём Гусев,друг члена группы
Клара Калинина,друг члена группы
Вера Богданова,друг члена группы
Захар Тихонов,друг члена группы
Гавриил Бобров,друг члена группы
Мария Фёдорова,друг члена группы
Владислав Козлов,друг члена группы
Алина Кузмина,друг члена группы
Руслан Тихонов,друг члена группы
Александр Савельев,друг члена группы
Олег Жуков,друг члена группы
Татьяна Баранова,друг члена группы
Сергей Богданов,друг члена группы
Виктория Орлова,друг члена группы
Виктория Ковалёва,друг члена группы
Вера Смирнова,друг члена группы
Анна Мельникова,друг члена группы
Степан Сорокин,друг члена группы
Люмила Титенкова,друг члена группы
Евгения Логинова,друг члена группы
Лидия Захарова,друг члена группы
Анна Крылова,друг члена группы
Анастасия Климова,друг члена группы
Михаил Журавлёв,друг члена группы
Константин Власов,друг члена группы
Вероника Зорина,друг члена группы
Никита Макаров,друг члена группы
Тамара Прохорова,друг члена группы
Юлия Кузнецова,друг члена группы
Галина Жукова,друг члена группы
Регина Никитина,друг члена группы
Маргарита Беляева,друг члена группы
Надежда Панина,друг члена группы
Ксения Климова,друг члена группы
Михаил Мельников,друг члена группы
Игорь Климов,друг члена группы
Полина Исакова,друг члена группы
Фёдор Агафонов,друг члена группы
Зоя Калинина,друг члена группы
Григорий Козин,друг члена группы
Надежда Лебедева,друг члена группы
Маргарита Морозова,друг члена группы
Владислав Тихонов,друг члена группы
Милана Лебедева,друг члена группы
Дарья Семёнова,друг члена группы
Зоя Гусева,друг члена группы
Захар Михайлов,друг члена группы
Любовь Исакова,друг члена группы
Полина Филиппова,друг члена группы
Анна Савельева,друг члена группы
Семён Воробьёв,друг члена группы
Ксения Громова,друг члена группы
Татьяна Павлова,друг члена группы
София Прохорова,друг члена группы
Максим Никитин,друг члена группы
Анна Власова,друг члена группы
Клара Беляева,друг члена группы
Иван Андреев,друг члена группы
Геннадий Сорокин,друг члена группы
Анатолий Тихонов,друг члена группы
Ксения Новикова,друг члена группы
Марина Степанова,друг члена группы
Никита Бобров,друг члена группы
Аркадий Семёнов,друг члена группы
Александр Панин,друг члена группы
Ксения Прохорова,друг члена группы
Марк Павлов,друг члена группы
Пётр Тихонов,друг члена группы
Владимир Соколов,друг члена группы
Леонид Ефимов,друг члена группы
Лидия Лебедева,друг члена группы
Наталья Соловьёва,друг члена группы
Мария Лебедева,друг члена группы
Милана Ветрова,друг члена группы
Даниил Ефимов,друг члена группы
Роман Белов,друг члена группы
Михаил Мартынов,друг члена группы
Михаил Крылов,друг члена группы
Светлана Баранова,друг члена группы
Михаил Репин,друг члена группы
Владислав Жуков,друг члена группы
Алина Панина,друг члена группы
Галина Богданова,друг члена группы
Александр Белов,друг члена группы
Надежда Исакова,друг члена группы
Иван Александров,друг члена группы
Василиса Репина,друг члена группы
Николай Крылов,друг члена группы
Виталий Бородин,друг члена группы
Екатерина Логинова,друг члена группы
Михаил Фёдоров,друг члена группы
Галина Рязанцева,друг члена группы
Нина Титенкова,друг члена группы
Ирина Попова,друг члена группы
Виктор Воробьёв,друг члена группы
Егор Ковалёв,друг члена группы
Руслан Ковалёв,друг члена группы
Надежда Агафонова,друг члена группы
Ксения Васильева,друг члена группы
Виталий Козлов,друг члена группы
Ксения Соловьёва,друг члена группы
Кирилл Журавлёв,друг члена группы
Варвара Михайлова,друг члена группы
Юлия Журавлёва,друг члена группы
Светлана Гусева,друг члена группы
Андрей Жуков,друг члена группы
Анна Боброва,друг члена группы
Василиса Гордеева,друг члена группы
Валентин Зимин,друг члена группы
Лидия Бородина,друг члена группы
Виталий Андреев,друг члена группы
Валентин Никитин,друг члена группы
Даниил Лебедев,друг члена группы
Олег Тихонов,друг члена группы
Любовь Воробьёва,друг члена группы
Константин Лебедев,друг члена группы
Оксана Егорова,друг члена группы
Павел Волков,друг члена группы
Матвей Савельев,друг члена группы
Александр Смирнов,друг члена группы
Тимур Соколов,друг члена группы
Анна Александрова,друг члена группы
Лидия Зорина,друг члена группы
Оксана Белова,друг члена группы
Яна Зимина,друг члена группы
Сергей Орлов,друг члена группы
Зоя Климова,друг члена группы
Тамара Мельникова,друг члена группы
Анастасия Савельева,друг члена группы
Семён Орлов,друг члена группы
Геннадий Степанов,друг члена группы
Олег Репин,друг члена группы
Захар Гусев,друг члена группы
Юрий Тарасов,друг члена группы
Евгений Комаров,друг члена группы
Владислав Зимин,друг члена группы
Тимур Попов,друг члена группы
Маргарита Зайцева,друг члена группы
Варвара Логинова,друг члена группы
Оксана Харламова,друг члена группы
Надежда Крылова,друг члена группы
Степан Власов,друг члена группы
Ангелина Агафонова,друг члена группы
Валерий Степанов,друг члена группы
Виктор Семёнов,друг члена группы
Василий Крылов,друг члена группы
Василий Доронин,друг члена группы
Юлия Фёдорова,друг члена группы
Нина Васильева,друг члена группы
Оксана Журавлёва,друг члена группы
Денис Петров,друг члена группы
Мария Егорова,друг члена группы
Валентин Козлов,друг члена группы
Вероника Голубева,друг члена группы
Галина Белова,друг члена группы
Ольга Панина,друг члена группы
Ирина Климова,друг члена группы
Оксана Никитина,друг члена группы
Василий Баранов,друг члена группы
Наталья Егорова,друг члена группы
Аркадий Филиппов,друг члена группы
Анастасия Шарова,друг члена группы
Алина Беляева,друг члена группы
Станислав Морозов,друг члена группы
Станислав Крылов,друг члена группы
Алексей Титенков,друг члена группы
Игорь Иванов,друг члена группы
Захар Виноградов,друг члена группы
Борис Лебедев,друг члена группы
Матвей Доронин,друг члена группы
Полина Мартынова,друг члена группы
Илья Богданов,друг члена группы
Глеб Прохоров,друг члена группы
Марк Комаров,друг члена группы
Зоя Рязанцева,друг члена группы
Семён Бобров,друг члена группы
Даниил Петров,друг члена группы
Геннадий Савельев,друг члена группы
Оскар Андреев,друг члена группы
Нина Егорова,друг члена группы
Светлана Никитина,друг члена группы
Виталий Баранов,друг члена группы
Никита Калинин,друг члена группы
Вера Савельева,друг члена группы
Григорий Беляев,друг члена группы
Николай Бородин,друг члена группы
Гавриил Симонов,друг члена группы
Елена Белова,друг члена группы
Виктория Титенкова,друг члена группы
Виктория Симонова,друг члена группы
София Морозова,друг члена группы
Дарья Кузнецова,друг члена группы
Валерий Соколов,друг члена группы
Сергей Фёдоров,друг члена группы
Оксана Морозова,друг члена группы
Екатерина Жукова,друг члена группы
Егор Прохоров,друг члена группы
Пётр Никитин,друг члена группы
Елизавета Иванова,друг члена группы
Лидия Новикова,друг члена группы
Маргарита Попова,друг члена группы
Елена Панина,друг члена группы
Ирина Степанова,друг члена группы
Марина Александрова,друг члена группы
Егор Егоров,друг члена группы
Валентин Кузнецов,друг члена группы
Евгений Шаров,друг члена группы
Виталий Калинин,друг члена группы
Анна Доронина,друг члена группы
Дарья Зайцева,друг члена группы
Матвей Захаров,друг члена группы
Татьяна Сорокина,друг члена группы
Оскар Крылов,друг члена группы
Станислав Орлов,друг члена группы
Вероника Беляева,друг члена группы
Валентин Гордеев,друг члена группы
Оксана Козина,друг члена группы
Елена Степанова,друг члена группы
Вероника Бородина,друг члена группы
Кирилл Громов,друг члена группы
Евгения Павлова,друг члена группы
Андрей Беляев,друг члена группы
Егор Исаков,друг члена группы
Марина Виноградова,друг члена группы
Ксения Иванова,друг члена группы
Марк Харламов,друг члена группы
Владимир Семёнов,друг члена группы
Зоя Журавлёва,друг члена группы
Татьяна Кузмина,друг члена группы
Виталий Морозов,друг члена группы
Мария Тихонова,друг члена группы
Маргарита Прохорова,друг члена группы
Виктория Соколова,друг члена группы
Елизавета Шарова,друг члена группы
Гавриил Виноградов,друг члена группы
Марк Степанов,друг члена группы
Илья Крылов,друг члена группы
Владимир Тихонов,друг члена группы
Павел Воробьёв,друг члена группы
Юлия Савельева,друг члена группы
Матвей Гордеев,друг члена группы
Дарья Журавлёва,друг члена группы
Ольга Орлова,друг члена группы
Марк Попов,друг члена группы
Руслан Попов,друг члена группы
Оскар Власов,друг члена группы
Никита Кузмин,друг члена группы
Вероника Шарова,друг члена группы
Оскар Морозов,друг члена группы
Ангелина Орлова,друг члена группы
Евгения Шишкина,друг члена группы
Максим Иванов,друг члена группы
Юлия Ветрова,друг члена группы
Андрей Крылов,друг члена группы
Владимир Зайцев,друг члена группы
Милана Исакова,друг члена группы
Надежда Журавлёва,друг члена группы
Кирилл Богданов,друг члена группы
Милана Смирнова,друг члена группы
Виктор Богданов,друг члена группы
Илья Попов,друг члена группы
Дарья Козлова,друг члена группы
Станислав Мартынов,друг члена группы
Тамара Гордеева,друг члена группы
Ксения Орлова,друг члена группы
Тамара Голубева,друг члена группы
Полина Крылова,друг члена группы
Тамара Новикова,друг члена группы
Анатолий Павлов,друг члена группы
Владислав Мартынов,друг члена группы
Тамара Бородина,друг члена группы
Юрий Соколов,друг члена группы
Татьяна Журавлёва,друг члена группы
Тамара Шарова,друг члена группы
София Мартынова,друг члена группы
Алексей Бобров,друг члена группы
Максим Егоров,друг члена группы
Савелий Бородин,друг члена группы
Игорь Журавлёв,друг члена группы
Елизавета Гусева,друг члена группы
Иван Иванов,друг члена группы
Светлана Мартынова,друг члена группы
Оскар Белов,друг члена группы
Нина Гусева,друг члена группы
Вероника Жукова,друг члена группы
София Гордеева,друг члена группы
Константин Захаров,друг члена группы
Надежда Фёдорова,друг члена группы
Даниил Журавлёв,друг члена группы
Фёдор Шишкин,друг члена группы
Регина Семёнова,друг члена группы
Василий Богданов,друг члена группы
Оксана Лебедева,друг члена группы
Леонид Иванов,друг члена группы
Дарья Мельникова,друг члена группы
София Александрова,друг члена группы
Марк Калинин,друг члена группы
Алексей Никитин,друг члена группы
Регина Мартынова,друг члена группы
Полина Репина,друг члена группы
Алексей Крылов,друг члена группы
Екатерина Воробьёва,друг члена группы
Анастасия Макарова,друг члена группы
Ксения Александрова,друг члена группы
Регина Панина,друг члена группы
Регина Тарасова,друг члена группы
Оксана Шишкина,друг члена группы
Василиса Иванова,друг члена группы
Тимур Тихонов,друг члена группы
Андрей Тихонов,друг члена группы
Дмитрий Крылов,друг члена группы
Елизавета Ефимова,друг члена группы
Ангелина Гордеева,друг члена группы
Павел Зимин,друг члена группы
Яна Логинова,друг члена группы
Мария Журавлёва,друг члена группы
Андрей Егоров,друг члена группы
Екатерина Киселёва,друг члена группы
Милана Панина,друг члена группы
Николай Прохоров,друг члена группы
Зоя Морозова,друг члена группы
Артём Ковалёв,друг члена группы
Савелий Беляев,друг члена группы
Владислав Макаров,друг члена группы
Михаил Зайцев,друг члена группы
Любовь Иванова,друг члена группы
Елизавета Попова,друг члена группы
Матвей Кузмин,друг члена группы
Денис Журавлёв,друг члена группы
Ольга Тихонова,друг члена группы
Дмитрий Мартынов,друг члена группы
Василий Петров,друг члена группы
Артём Егоров,друг члена группы
Вероника Михайлова,друг члена группы
Александра Ковалёва,друг члена группы
Александр Титенков,друг члена группы
Василий Калинин,друг члена группы
Евгений Кузмин,друг члена группы
Матвей Павлов,друг члена группы
Екатерина Бородина,друг члена группы
Александра Климова,друг члена группы
Анатолий Тарасов,друг члена группы
Иван Фёдоров,друг члена группы
Виктор Мартынов,друг члена группы
Нина Громова,друг члена группы
Даниил Гордеев,друг члена группы
Игорь Мельников,друг члена группы
Ирина Савельева,друг члена группы
Вероника Рязанцева,друг члена группы
Аркадий Тарасов,друг члена группы
Елизавета Фёдорова,друг члена группы
Галина Панина,друг члена группы
Илья Громов,друг члена группы
Дарья Воробьёва,друг члена группы
Зоя Агафонова,друг члена группы
Василиса Прохорова,друг члена группы
Марк Филиппов,друг члена группы
Григорий Ковалёв,друг члена группы
Регина Ковалёва,друг члена группы
Милана Воробьёва,друг члена группы
Пётр Павлов,друг члена группы
Евгений Соловьёв,друг члена группы
Роман Волков,друг члена группы
Ангелина Сорокина,друг члена группы
Савелий Баранов,друг члена группы
Виктор Павлов,друг члена группы
Геннадий Власов,друг члена группы
Яна Шарова,друг члена группы
Оксана Ветрова,друг члена группы
Василий Шаров,друг члена группы
Степан Логинов,друг члена группы
Василиса Харламова,друг члена группы
Елизавета Сорокина,друг члена группы
Надежда Шарова,друг члена группы
Тимур Жуков,друг члена группы
Юлия Шишкина,друг члена группы
Любовь Журавлёва,друг члена группы
Гавриил Харламов,друг члена группы
Тамара Киселёва,друг члена группы
Оксана Калинина,друг члена группы
Даниил Харламов,друг члена группы
Олег Никитин,друг члена группы
Лидия Ковалёва,друг члена группы
Савелий Симонов,друг члена группы
Милана Беляева,друг члена группы
Люмила Громова,друг члена группы
Пётр Виноградов,друг члена группы
Михаил Баранов,друг члена группы
Екатерина Александрова,друг члена группы
Александр Комаров,друг члена группы
Яна Соколова,друг члена группы
Семён Голубев,друг члена группы
Максим Михайлов,друг члена группы
Игорь Егоров,друг члена группы
Светлана Андреева,друг члена группы
Ольга Тарасова,друг члена группы
Гавриил Бородин,друг члена группы
Виктория Мельникова,друг члена группы
Фёдор Власов,друг члена группы
Виталий Попов,друг члена группы
Оксана Мартынова,друг члена группы
Максим Зорин,друг члена группы
Сергей Комаров,друг члена группы
Александра Харламова,друг члена группы
Олег Кузмин,друг члена группы
Регина Андреева,друг члена группы
Аркадий Зимин,друг члена группы
Наталья Козлова,друг члена группы
Роман Симонов,друг члена группы
Даниил Шишкин,друг члена группы
Варвара Беляева,друг члена группы
Анатолий Панин,друг члена группы
Вероника Попова,друг члена группы
Егор Климов,друг члена группы
Станислав Шаров,друг члена группы
Виталий Козин,друг члена группы
Степан Доронин,друг члена группы
Никита Виноградов,друг члена группы
Игорь Шаров,друг члена группы
Иван Тихонов,друг члена группы
Станислав Смирнов,друг члена группы
Андрей Симонов,друг члена группы
Алина Боброва,друг члена группы
Оксана Виноградова,друг члена группы
Алина Соловьёва,друг члена группы
Ангелина Громова,друг члена группы
Маргарита Ефимова,друг члена группы
Татьяна Козина,друг члена группы
Наталья Рязанцева,друг члена группы
Наталья Ковалёва,друг члена группы
Елена Зорина,друг члена группы
Артём Мартынов,друг члена группы
Виталий Киселёв,друг члена группы
Александра Гордеева,друг члена группы
Полина Климова,друг члена группы
Милана Соловьёва,друг члена группы
Василиса Панина,друг члена группы
Тамара Ветрова,друг члена группы
Нина Доронина,друг члена группы
Нина Калинина,друг члена группы
Леонид Харламов,друг члена группы
Варвара Захарова,друг члена группы
Алексей Баранов,друг члена группы
Клара Семёнова,друг члена группы
Марина Иванова,друг члена группы
Вера Климова,друг члена группы
Василиса Виноградова,друг члена группы
Руслан Панин,друг члена группы
Александра Киселёва,друг члена группы
Фёдор Александров,друг члена группы
Василиса Комарова,друг члена группы
Нина Журавлёва,друг члена группы
Марина Соколова,друг члена группы
Сергей Исаков,друг члена группы
Денис Агафонов,друг члена группы
Тамара Петрова,друг члена группы
Ангелина Лебедева,друг члена группы
Дарья Власова,друг члена группы
Екатерина Виноградова,друг члена группы
Виталий Захаров,друг члена группы
Тамара Тихонова,друг члена группы
Денис Степанов,друг члена группы
Дарья Павлова,друг члена группы
Максим Лебедев,друг члена группы
Денис Павлов,друг члена группы
Надежда Климова,друг члена группы
Евгений Тарасов,друг члена группы
Клара Андреева,друг члена группы
Матвей Александров,друг члена группы
Тимур Титенков,друг члена группы
Владислав Власов,друг члена группы
Оскар Кузнецов,друг члена группы
Ксения Шишкина,друг члена группы
Варвара Голубева,друг члена группы
Марк Тарасов,друг члена группы
Дарья Волкова,друг члена группы
Сергей Андреев,друг члена группы
Дарья Баранова,друг члена группы
Максим Смирнов,друг члена группы
Глеб Мартынов,друг члена группы
Дарья Смирнова,друг члена группы
Олег Козлов,друг члена группы
Василий Ковалёв,друг члена группы
Оскар Петров,друг члена группы
Оскар Никитин,друг члена группы
Анатолий Крылов,друг члена группы
Ирина Филиппова,друг члена группы
Степан Симонов,друг члена группы
Оксана Смирнова,друг члена группы
Никита Сорокин,друг члена группы
Евгений Богданов,друг члена группы
Аркадий Панин,друг члена группы
Вера Кузмина,друг члена группы
Мария Климова,друг члена группы
Евгений Семёнов,друг члена группы
Анатолий Мартынов,друг члена группы
Лидия Киселёва,друг члена группы
Матвей Виноградов,друг члена группы
Фёдор Исаков,друг члена группы
Маргарита Шарова,друг члена группы
Алина Семёнова,друг члена группы
Захар Бобров,друг члена группы
София Голубева,друг члена группы
Василиса Богданова,друг члена группы
Даниил Симонов,друг члена группы
Светлана Михайлова,друг члена группы
Роман Кузнецов,друг члена группы
Милана Гусева,друг члена группы
Владислав Соловьёв,друг члена группы
Пётр Ковалёв,друг члена группы
Екатерина Кузнецова,друг члена группы
Василий Журавлёв,друг члена группы
Анастасия Михайлова,друг члена группы
Любовь Мельникова,друг члена группы
Владислав Орлов,друг члена группы
Семён Петров,друг члена группы
Алина Белова,друг члена группы
Егор Громов,друг члена группы
Яна Андреева,друг члена группы
Гавриил Попов,друг члена группы
Ангелина Филиппова,друг члена группы
Ольга Мартынова,друг члена группы
Александра Мартынова,друг члена группы
Ольга Климова,друг члена группы
Егор Захаров,друг члена группы
Галина Козина,друг члена группы
Григорий Лебедев,друг члена группы
Варвара Александрова,друг члена группы
Елизавета Семёнова,друг члена группы
Руслан Тарасов,друг члена группы
Татьяна Ефимова,друг члена группы
Оскар Богданов,друг члена группы
Светлана Александрова,друг члена группы
Егор Рязанцев,друг члена группы
Захар Никитин,друг члена группы
Анатолий Попов,друг члена группы
Полина Лебедева,друг члена группы
Фёдор Савельев,друг члена группы
Станислав Зайцев,друг члена группы
Алина Иванова,друг члена группы
Вероника Петрова,друг члена группы
Александр Шаров,друг члена группы
Тамара Репина,друг члена группы
Кирилл Мельников,друг члена группы
Егор Волков,друг члена группы
Виктория Лебедева,друг члена группы
Сергей Шишкин,друг члена группы
Николай Лебедев,друг члена группы
Станислав Богданов,друг члена группы
Лидия Климова,друг члена группы
Руслан Рязанцев,друг члена группы
Татьяна Зорина,друг члена группы
Анатолий Новиков,друг члена группы
Оксана Новикова,друг члена группы
Люмила Исакова,друг члена группы
Клара Белова,друг члена группы
Лидия Козлова,друг члена группы
Виталий Бобров,друг члена группы
Надежда Баранова,друг члена группы
Лидия Панина,друг члена группы
Лидия Гордеева,друг члена группы
Виталий Репин,друг члена группы
Станислав Киселёв,друг члена группы
Руслан Зайцев,друг члена группы
Виктория Агафонова,друг члена группы
Валерий Шишкин,друг члена группы
Виктория Петрова,друг члена группы
Галина Ефимова,друг члена группы
Марина Зорина,друг члена группы
Валерий Зимин,друг члена группы
Алина Исакова,друг члена группы
Надежда Мельникова,друг члена группы
Руслан Симонов,друг члена группы
Яна Гусева,друг члена группы
Наталья Мартынова,друг члена группы
Виталий Филиппов,друг члена группы
Мария Белова,друг члена группы
Зоя Панина,друг члена группы
Ксения Никитина,друг члена группы
Нина Соколова,друг члена группы
Николай Репин,друг члена группы
Марина Комарова,друг члена группы
Алексей Тарасов,друг члена группы
Валерий Журавлёв,друг члена группы
Клара Сорокина,друг члена группы
Дарья Бородина,друг члена группы
Клара Павлова,член группы
Алексей Логинов,друг члена группы
Никита Васильев,друг члена группы
Алексей Александров,друг члена группы
Алексей Соловьёв,друг члена группы
Марина Смирнова,друг члена группы
Марина Белова,друг члена группы
Владислав Баранов,друг члена группы
Борис Ветров,друг члена группы
Люмила Виноградова,друг члена группы
Дмитрий Петров,друг члена группы
Оксана Крылова,друг члена группы
Глеб Шишкин,друг члена группы
Галина Андреева,друг члена группы
Наталья Павлова,друг члена группы
Станислав Савельев,друг члена группы
Марина Исакова,друг члена группы
Елизавета Волкова,друг члена группы
Василий Козин,друг члена группы
Фёдор Козин,друг члена группы
Марк Голубев,друг члена группы
Лидия Жукова,друг члена группы
Регина Михайлова,друг члена группы
Зоя Власова,друг члена группы
Пётр Новиков,друг члена группы
Геннадий Журавлёв,друг члена группы
Олег Баранов,друг члена группы
Тамара Павлова,друг члена группы
Регина Соловьёва,друг члена группы
Елизавета Козина,друг члена группы
Тимур Макаров,друг члена группы
Ангелина Новикова,друг члена группы
Василий Харламов,друг члена группы
Елизавета Макарова,друг члена группы
Валентин Морозов,друг члена группы
Василиса Громова,друг члена группы
Евгений Новиков,друг члена группы
Тамара Егорова,друг члена группы
Оскар Козлов,друг члена группы
Виктор Иванов,друг члена группы
Дарья Савельева,друг члена группы
София Шишкина,друг члена группы
Маргарита Петрова,друг члена группы
Вера Прохорова,друг члена группы
Галина Козлова,друг члена группы
Григорий Кузнецов,друг члена группы
Василий Захаров,друг члена группы
Ангелина Прохорова,друг члена группы
Надежда Семёнова,друг члена группы
Анатолий Рязанцев,друг члена группы
Юлия Семёнова,друг члена группы
Оскар Смирнов,друг члена группы
Александр Харламов,друг члена группы
Юлия Волкова,друг члена группы
Тимур Логинов,друг члена группы
Тамара Титенкова,друг члена группы
Яна Крылова,друг члена группы
Егор Никитин,друг члена группы
Станислав Титенков,друг члена группы
Александра Тихонова,друг члена группы
Алексей Гордеев,друг члена группы
Владимир Васильев,друг члена группы
Татьяна Голубева,друг члена группы
Клара Кузмина,друг члена группы
Николай Мартынов,друг члена группы
Татьяна Андреева,друг члена группы
Зоя Симонова,друг члена группы
Надежда Логинова,друг члена группы
Григорий Степанов,друг члена группы
Василий Зорин,друг члена группы
Василиса Жукова,друг члена группы
Максим Воробьёв,друг члена группы
Галина Кузнецова,друг члена группы
Николай Павлов,друг члена группы
Люмила Ефимова,друг члена группы
Константин Кузмин,друг члена группы
Анна Васильева,друг члена группы
Анастасия Фёдорова,друг члена группы
Василий Макаров,друг члена группы
Никита Соколов,друг члена группы
Николай Голубев,друг члена группы
Милана Никитина,друг члена группы
Егор Воробьёв,друг члена группы
Виталий Шишкин,друг члена группы
Игорь Васильев,друг члена группы
Максим Симонов,друг члена группы
Аркадий Никитин,друг члена группы
Роман Бобров,друг члена группы
Анна Баранова,друг члена группы
Варвара Егорова,друг члена группы
Клара Попова,друг члена группы
Глеб Панин,друг члена группы
София Ковалёва,друг члена группы
Константин Бородин,друг члена группы
Кирилл Захаров,друг члена группы
Аркадий Макаров,друг члена группы
Анна Новикова,друг члена группы
Григорий Ефимов,друг члена группы
Пётр Александров,друг члена группы
Степан Комаров,друг члена группы
Светлана Зайцева,друг члена группы
Степан Павлов,друг члена группы
Семён Гордеев,друг члена группы
Андрей Логинов,друг члена группы
Нина Ефимова,друг члена группы
Сергей Жуков,друг члена группы
Вероника Фёдорова,друг члена группы
Александр Тарасов,друг члена группы
Глеб Харламов,друг члена группы
Оскар Соловьёв,друг члена группы
Вероника Соловьёва,друг члена группы
Андрей Ефимов,друг члена группы
Ангелина Ковалёва,друг члена группы
Валерий Захаров,друг члена группы
Вера Громова,друг члена группы
Анна Никитина,друг члена группы
Надежда Зайцева,друг члена группы
Евгения Исакова,друг члена группы
Регина Козлова,друг члена группы
Татьяна Рязанцева,друг члена группы
Зоя Волкова,друг члена группы
Галина Тарасова,друг члена группы
Марина Никитина,друг члена группы
Евгения Громова,друг члена группы
Леонид Ветров,друг члена группы
Юлия Соколова,друг члена группы
Андрей Шаров,друг члена группы
Любовь Симонова,друг члена группы
Варвара Смирнова,друг члена группы
Сергей Зимин,друг члена группы
Ольга Прохорова,друг члена группы
Оскар Мартынов,друг члена группы
Аркадий Симонов,друг члена группы
Ольга Голубева,друг члена группы
Пётр Мельников,друг члена группы
Лидия Попова,друг члена группы
Оскар Павлов,друг члена группы
Ирина Логинова,друг члена группы
Маргарита Новикова,друг члена группы
Ирина Васильева,друг члена группы
Юрий Орлов,друг члена группы
Владислав Титенков,друг члена группы
Савелий Прохоров,друг члена группы
Аркадий Шаров,друг члена группы
Артём Попов,друг члена группы
Роман Агафонов,друг члена группы
Павел Попов,друг члена группы
Мария Громова,друг члена группы
Маргарита Баранова,друг члена группы
Виктория Голубева,друг члена группы
Клара Савельева,друг члена группы
Марина Шишкина,друг члена группы
Даниил Макаров,друг члена группы
Никита Бородин,друг члена группы
Гавриил Белов,друг члена группы
Надежда Репина,друг члена группы
Валентин Попов,друг члена группы
Владимир Баранов,друг члена группы
Игорь Исаков,друг члена группы
Яна Попова,друг члена группы
Сергей Симонов,друг члена группы
Пётр Громов,друг члена группы
Елена Макарова,друг члена группы
Маргарита Власова,друг члена группы
Савелий Власов,друг члена группы
Дмитрий Власов,друг члена группы
Павел Гусев,друг члена группы
Владислав Панин,друг члена группы
Василий Гордеев,друг члена группы
Виктор Васильев,друг члена группы
Яна Агафонова,друг члена группы
Валерий Орлов,друг члена группы
Тамара Богданова,друг члена группы
Лидия Воробьёва,друг члена группы
Оксана Киселёва,друг члена группы
Никита Громов,друг члена группы
Люмила Петрова,друг члена группы
Александра Андреева,друг члена группы
Кирилл Орлов,друг члена группы
Анна Агафонова,друг члена группы
Ольга Мельникова,друг члена группы
Вера Соколова,друг члена группы
Евгений Журавлёв,друг члена группы
Николай Климов,друг члена группы
Милана Комарова,друг члена группы
Татьяна Смирнова,друг члена группы
Василиса Кузнецова,друг члена группы
Яна Семёнова,друг члена группы
Анастасия Козина,друг члена группы
Анна Морозова,друг члена группы
Василий Исаков,друг члена группы
Лидия Шарова,друг члена группы
Виктория Волкова,друг члена группы
Зоя Козлова,друг члена группы
Анастасия Лебедева,друг члена группы
Владимир Козин,друг члена группы
Даниил Новиков,друг члена группы
Виктория Семёнова,друг члена группы
Александра Шарова,друг члена группы
Максим Белов,друг члена группы
Екатерина Власова,друг члена группы
Константин Тихонов,друг члена группы
Люмила Лебедева,друг члена группы
Никита Зайцев,друг члена группы
Глеб Симонов,друг члена группы
Елена Беляева,друг члена группы
Станислав Баранов,друг члена группы
Елена Соловьёва,друг члена группы
Дмитрий Голубев,друг члена группы
Мария Степанова,друг члена группы
Надежда Шишкина,друг члена группы
Савелий Смирнов,друг члена группы
Андрей Смирнов,друг члена группы
Екатерина Мартынова,друг члена группы
Милана Зимина,друг члена группы
Клара Доронина,друг члена группы
Фёдор Гордеев,друг члена группы
Фёдор Воробьёв,друг члена группы
Екатерина Журавлёва,друг члена группы
Григорий Логинов,друг члена группы
Галина Михайлова,друг члена группы
Варвара Жукова,друг члена группы
Артём Климов,друг члена группы
Егор Шаров,друг члена группы
Елизавета Зорина,друг члена группы
Пётр Прохоров,друг члена группы
Дарья Логинова,друг члена группы
Дарья Иванова,друг члена группы
Григорий Голубев,член группы
Варвара Зимина,друг члена группы
Надежда Попова,друг члена группы
Даниил Васильев,друг члена группы
Евгений Орлов,друг члена группы
Оскар Беляев,друг члена группы
Екатерина Кузмина,друг члена группы
Николай Симонов,друг члена группы
Татьяна Крылова,друг члена группы
Александр Филиппов,друг члена группы
Вера Козлова,друг члена группы
Татьяна Комарова,друг члена группы
Варвара Агафонова,друг члена группы
София Агафонова,друг члена группы
Кирилл Александров,друг члена группы
Фёдор Мельников,друг члена группы
Клара Исакова,друг члена группы
Кирилл Егоров,друг члена группы
Тимур Ковалёв,друг члена группы
Даниил Козин,друг члена группы
Юлия Тарасова,друг члена группы
Анатолий Степанов,друг члена группы
Ольга Зорина,друг члена группы
Марина Репина,друг члена группы
Яна Орлова,друг члена группы
Иван Виноградов,друг члена группы
Леонид Мельников,друг члена группы
Валентин Баранов,друг члена группы
Александр Андреев,друг члена группы
Семён Кузмин,друг члена группы
Виталий Смирнов,друг члена группы
Ксения Козлова,друг члена группы
Руслан Семёнов,друг члена группы
Сергей Ковалёв,друг члена группы
Леонид Панин,друг члена группы
Григорий Бобров,друг члена группы
Елена Крылова,друг члена группы
Леонид Михайлов,друг члена группы
Тамара Воробьёва,друг члена группы
Нина Зорина,друг члена группы
Василий Рязанцев,друг члена группы
Кирилл Панин,друг члена группы
Анна Семёнова,друг члена группы
Анастасия Громова,друг члена группы
Олег Соловьёв,друг члена группы
Илья Орлов,друг члена группы
Оксана Васильева,друг члена группы
Андрей Васильев,друг члена группы
Егор Мартынов,друг члена группы
Мария Зайцева,друг члена группы
Василий Голубев,друг члена группы
Марина Павлова,друг члена группы
Максим Харламов,друг члена группы
Игорь Попов,друг члена группы
Валентин Петров,друг члена группы
Светлана Белова,друг члена группы
Алина Михайлова,друг члена группы
Евгения Панина,друг члена группы
Елена Бородина,друг члена группы
Семён Симонов,друг члена группы
Вера Мельникова,друг члена группы
Кирилл Михайлов,друг члена группы
Михаил Михайлов,друг члена группы
Ангелина Титенкова,друг члена группы
Борис Зайцев,друг члена группы
Никита Семёнов,друг члена группы
Дмитрий Никитин,друг члена группы
Варвара Орлова,друг члена группы
Регина Ветрова,друг члена группы
Татьяна Зайцева,друг члена группы
Евгений Зайцев,друг члена группы
Денис Репин,друг члена группы
Захар Ковалёв,друг члена группы
Руслан Соловьёв,друг члена группы
Александр Репин,друг члена группы
Виктор Кузнецов,друг члена группы
Сергей Новиков,друг члена группы
Пётр Фёдоров,друг члена группы
Аркадий Власов,друг члена группы
Юрий Бородин,друг члена группы
Клара Репина,друг члена группы
Алина Степанова,друг члена группы
Любовь Тихонова,друг члена группы
Валерий Шаров,друг члена группы
Ольга Харламова,друг члена группы
Анатолий Ветров,друг члена группы
Алексей Фёдоров,друг члена группы
Виктор Сорокин,друг члена группы
Любовь Васильева,друг члена группы
Игорь Репин,друг члена группы
Кирилл Попов,друг члена группы
Владимир Шишкин,друг члена группы
Маргарита Кузнецова,друг члена группы
Геннадий Панин,друг члена группы
Оскар Сорокин,друг члена группы
Елена Сорокина,друг члена группы
Олег Смирнов,друг члена группы
Ольга Логинова,друг члена группы
Милана Ковалёва,друг члена группы
Михаил Громов,друг члена группы
Аркадий Белов,друг члена группы
Илья Зимин,друг члена группы
Фёдор Рязанцев,друг члена группы
Матвей Прохоров,друг члена группы
Лидия Александрова,друг члена группы
Маргарита Бородина,друг члена группы
Люмила Новикова,друг члена группы
Клара Мельникова,друг члена группы
Геннадий Морозов,друг члена группы
София Шарова,друг члена группы
Тимур Прохоров,друг члена группы
Илья Логинов,друг члена группы
Оксана Михайлова,друг члена группы
Клара Михайлова,друг члена группы
Леонид Симонов,друг члена группы
Руслан Голубев,друг члена группы
Савелий Зорин,друг члена группы
Милана Филиппова,друг члена группы
Люмила Баранова,друг члена группы
Вероника Макарова,друг члена группы
Дмитрий Виноградов,друг члена группы
Павел Сорокин,друг члена группы
Константин Доронин,друг члена группы
Алексей Громов,друг члена группы
Фёдор Новиков,друг члена группы
Милана Рязанцева,друг члена группы
Татьяна Захарова,друг члена группы
Савелий Тихонов,друг члена группы
Клара Боброва,друг члена группы
Николай Макаров,друг члена группы
Нина Исакова,друг члена группы
Ангелина Макарова,друг члена группы
Артём Кузмин,друг члена группы
Игорь Козлов,друг члена группы
Денис Мельников,друг члена группы
Захар Калинин,друг члена группы
Мария Соколова,друг члена группы
Наталья Макарова,друг члена группы
Анатолий Сорокин,друг члена группы
Анастасия Зайцева,друг члена группы
Александра Ветрова,друг члена группы
Евгений Ефимов,друг члена группы
Милана Соколова,друг члена группы
Николай Громов,друг члена группы
Ирина Богданова,друг члена группы
Вера Новикова,друг члена группы
Яна Кузнецова,друг члена группы
Полина Ветрова,друг члена группы
Юлия Иванова,друг члена группы
Николай Васильев,друг члена группы
Никита Павлов,друг члена группы
Савелий Семёнов,друг члена группы
Алина Волкова,друг члена группы
Пётр Климов,друг члена группы
Алина Жукова,друг члена группы
Ксения Лебедева,друг члена группы
Денис Жуков,друг члена группы
Владимир Воробьёв,друг члена группы
Светлана Петрова,друг члена группы
София Логинова,друг члена группы
Любовь Зайцева,друг члена группы
Артём Беляев,друг члена группы
Ангелина Павлова,друг члена группы
Артём Комаров,друг члена группы
Галина Беляева,друг члена группы
Тимур Голубев,друг члена группы
Игорь Макаров,друг члена группы
Александра Калинина,друг члена группы
Яна Волкова,друг члена группы
Виктор Власов,друг члена группы
Даниил Козлов,друг члена группы
Павел Мельников,друг члена группы
Илья Егоров,друг члена группы
Даниил Попов,друг члена группы
Зоя Козина,друг члена группы
Борис Бобров,друг члена группы
Виктор Репин,друг члена группы
Люмила Рязанцева,друг члена группы
Вероника Мартынова,друг члена группы
Олег Филиппов,друг члена группы
Варвара Лебедева,друг члена группы
Максим Жуков,друг члена группы
Руслан Харламов,друг члена группы
Александр Попов,друг члена группы
Захар Климов,друг члена группы
Александр Васильев,друг члена группы
Артём Баранов,друг члена группы
Олег Крылов,друг члена группы
Полина Агафонова,друг члена группы
Зоя Кузнецова,друг члена группы
Аркадий Зайцев,друг члена группы
Кирилл Соловьёв,друг члена группы
Константин Иванов,друг члена группы
Алексей Савельев,друг члена группы
Виталий Гордеев,друг члена группы
Сергей Баранов,друг члена группы
Сергей Морозов,друг члена группы
Игорь Фёдоров,друг члена группы
Гавриил Прохоров,друг члена группы
Артём Богданов,друг члена группы
Евгений Баранов,друг члена группы
Денис Сорокин,друг члена группы
Михаил Калинин,друг члена группы
Надежда Ковалёва,друг члена группы
Валерий Козин,друг члена группы
Клара Волкова,друг члена группы
Денис Волков,друг члена группы
Надежда Зорина,друг члена группы
Клара Титенкова,друг члена группы
Сергей Доронин,друг члена группы
Денис Гусев,друг члена группы
Евгения Ефимова,друг члена группы
Валентин Козин,друг члена группы
Тимур Зорин,друг члена группы
Станислав Комаров,друг члена группы
Ирина Харламова,друг члена группы
Анна Захарова,друг члена группы
Олег Журавлёв,друг члена группы
Евгений Громов,друг члена группы
Юрий Рязанцев,друг члена группы
Регина Зорина,друг члена группы
Виктор Петров,друг члена группы
Пётр Беляев,друг члена группы
Виктория Журавлёва,друг члена группы
Елизавета Беляева,друг члена группы
Гавриил Козин,друг члена группы
Денис Смирнов,друг члена группы
Роман Ветров,друг члена группы
Маргарита Андреева,друг члена группы
Маргарита Доронина,друг члена группы
Ольга Громова,друг члена группы
Сергей Бобров,друг члена группы
Матвей Филиппов,друг члена группы
Светлана Репина,друг члена группы
Евгения Савельева,друг члена группы
Мария Богданова,друг члена группы
Владислав Мельников,друг члена группы
Анастасия Мельникова,друг члена группы
Ксения Белова,друг члена группы
Савелий Александров,друг члена группы
Степан Громов,друг члена группы
Тимур Репин,друг члена группы
Пётр Панин,друг члена группы
Евгения Богданова,друг члена группы
Илья Соколов,друг члена группы
Зоя Харламова,друг члена группы
Марк Зайцев,друг члена группы
Любовь Жукова,друг члена группы
Евгения Попова,друг члена группы
Оксана Ковалёва,друг члена группы
Вера Соловьёва,друг члена группы
Светлана Соловьёва,друг члена группы
Лидия Соловьёва,друг члена группы
Леонид Зайцев,друг члена группы
Анастасия Богданова,друг члена группы
Михаил Виноградов,друг члена группы
Владислав Ветров,друг члена группы
Надежда Зимина,друг члена группы
Олег Волков,друг члена группы
Захар Агафонов,друг члена группы
Валентин Андреев,друг члена группы
Марк Семёнов,друг члена группы
Клара Новикова,друг члена группы
Борис Прохоров,друг члена группы
Ксения Харламова,друг члена группы
Семён Соколов,друг члена группы
Клара Степанова,друг члена группы
Аркадий Доронин,друг члена группы
Константин Бобров,друг члена группы
Дарья Прохорова,друг члена группы
Артём Шаров,друг члена группы
Лидия Ветрова,друг члена группы
Татьяна Соколова,друг члена группы
Елизавета Баранова,друг члена группы
Илья Доронин,друг члена группы
Глеб Жуков,друг члена группы
Анастасия Жукова,друг члена группы
Евгения Зайцева,друг члена группы
Оскар Зайцев,друг члена группы
Матвей Иванов,друг члена группы
Павел Гордеев,друг члена группы
Елизавета Киселёва,друг члена группы
Григорий Семёнов,друг члена группы
Никита Беляев,друг члена группы
Захар Титенков,друг члена группы
Татьяна Александрова,друг члена группы
Виктор Мельников,друг члена группы
Регина Климова,друг члена группы
Регина Жукова,друг члена группы
София Ветрова,друг члена группы
Любовь Агафонова,друг члена группы
Дарья Тихонова,друг члена группы
Захар Логинов,друг члена группы
Захар Крылов,друг члена группы
Светлана Комарова,друг члена группы
Алексей Богданов,друг члена группы
Милана Васильева,друг члена группы
Матвей Степанов,друг члена группы
Роман Зайцев,друг члена группы
Владимир Зорин,друг члена группы
Пётр Голубев,друг члена группы
Кирилл Агафонов,друг члена группы
Фёдор Баранов,друг члена группы
Савелий Громов,друг члена группы
Алексей Агафонов,друг члена группы
Валерий Егоров,друг члена группы
Виталий Павлов,друг члена группы
Вера Логинова,друг члена группы
Варвара Виноградова,друг члена группы
Нина Александрова,друг члена группы
Лидия Гусева,друг члена группы
Евгений Зимин,друг члена группы
Марина Климова,друг члена группы
Оксана Волкова,друг члена группы
Юрий Шаров,друг члена группы
Надежда Тихонова,друг члена группы
Пётр Кузмин,друг члена группы
Глеб Власов,друг члена группы
Дмитрий Бородин,друг члена группы
Галина Голубева,друг члена группы
Тимур Воробьёв,друг члена группы
Борис Михайлов,друг члена группы
Семён Тихонов,друг члена группы
Дмитрий Ковалёв,друг члена группы
Руслан Доронин,друг члена группы
Максим Кузнецов,друг члена группы
Марк Смирнов,друг члена группы
Кирилл Бородин,друг члена группы
Тимур Савельев,друг члена группы
Леонид Тихонов,друг члена группы
Роман Калинин,друг члена группы
Лидия Степанова,друг члена группы
Ангелина Шишкина,друг члена группы
Виктория Крылова,друг члена группы
Олег Симонов,друг члена группы
Дмитрий Семёнов,друг члена группы
Люмила Харламова,друг члена группы
Илья Филиппов,друг члена группы
Зоя Жукова,друг члена группы
Варвара Ковалёва,друг члена группы
Степан Исаков,друг члена группы
Василий Семёнов,друг члена группы
Валентин Ветров,друг члена группы
Евгения Егорова,друг члена группы
Евгения Никитина,друг члена группы
Гавриил Петров,друг члена группы
Владимир Беляев,друг члена группы
Евгения Беляева,друг члена группы
Анастасия Соколова,друг члена группы
Захар Белов,друг члена группы
Леонид Захаров,друг члена группы
Константин Гордеев,друг члена группы
Ксения Доронина,друг члена группы
Савелий Гордеев,друг члена группы
Кирилл Павлов,друг члена группы
Юлия Жукова,друг члена группы
Люмила Беляева,друг члена группы
Мария Симонова,друг члена группы
Оксана Логинова,друг члена группы
Денис Лебедев,друг члена группы
Милана Кузмина,друг члена группы
Никита Козин,друг члена группы
Екатерина Лебедева,друг члена группы
Тимур Симонов,друг члена группы
Иван Захаров,друг члена группы
Николай Кузнецов,друг члена группы
Пётр Исаков,друг члена группы
Александра Соловьёва,друг члена группы
Клара Макарова,друг члена группы
Варвара Зайцева,друг члена группы
Сергей Соколов,друг члена группы
Василий Новиков,друг члена группы
Наталья Ветрова,друг члена группы
Юрий Харламов,друг члена группы
Аркадий Козлов,друг члена группы
Галина Егорова,друг члена группы
Юрий Гусев,друг члена группы
Степан Петров,друг члена группы
Руслан Титенков,друг члена группы
Аркадий Кузнецов,друг члена группы
Валерий Беляев,друг члена группы
Иван Новиков,друг члена группы
Алина Павлова,друг члена группы
Вероника Панина,друг члена группы
Виталий Ветров,друг члена группы
Фёдор Харламов,друг члена группы
Евгения Сорокина,друг члена группы
Елизавета Голубева,друг члена группы
Владислав Тарасов,друг члена группы
Алина Новикова,друг члена группы
Валентин Мельников,друг члена группы
Яна Исакова,друг члена группы
Василиса Исакова,друг члена группы
Иван Орлов,друг члена группы
Яна Комарова,друг члена группы
Ангелина Белова,друг члена группы
Иван Рязанцев,друг члена группы
Геннадий Кузнецов,друг члена группы
Пётр Тарасов,друг члена группы
Полина Зимина,друг члена группы
Александра Фёдорова,друг члена группы
Станислав Жуков,друг члена группы
Мария Семёнова,друг члена группы
Дмитрий Зимин,друг члена группы
Марина Логинова,друг члена группы
Лидия Харламова,друг члена группы
Елена Зайцева,друг члена группы
Виктор Беляев,друг члена группы
Денис Андреев,друг члена группы
Лидия Беляева,друг члена группы
Галина Виноградова,друг члена группы
Сергей Кузмин,друг члена группы
Николай Мельников,друг члена группы
Кирилл Прохоров,друг члена группы
Маргарита Соколова,друг члена группы
Владислав Савельев,друг члена группы
Никита Панин,друг члена группы
Алексей Козин,друг члена группы
Зоя Титенкова,друг члена группы
Игорь Морозов,друг члена группы
Николай Степанов,друг члена группы
Вера Шарова,друг члена группы
Люмила Киселёва,друг члена группы
Валерий Ефимов,друг члена группы
Гавриил Кузмин,друг члена группы
Регина Прохорова,друг члена группы
Дарья Захарова,друг члена группы
Виталий Белов,друг члена группы
Никита Доронин,друг члена группы
Василий Агафонов,друг члена группы
Савелий Петров,друг члена группы
Валентин Панин,друг члена группы
Регина Симонова,друг члена группы
Кирилл Смирнов,друг члена группы
Ольга Семёнова,друг члена группы
Валерий Гордеев,друг члена группы
Тамара Захарова,друг члена группы
Виктория Захарова,друг члена группы
Анатолий Беляев,друг члена группы
Владислав Новиков,друг члена группы
Ангелина Баранова,друг члена группы
Сергей Калинин,друг члена группы
Ксения Власова,друг члена группы
Милана Захарова,друг члена группы
Дмитрий Павлов,друг члена группы
Надежда Новикова,друг члена группы
Артём Павлов,друг члена группы
Марина Харламова,друг члена группы
Надежда Богданова,друг члена группы
Марина Тарасова,друг члена группы
Яна Кузмина,друг члена группы
Роман Савельев,друг члена группы
Евгений Андреев,друг члена группы
Матвей Попов,друг члена группы
Галина Логинова,друг члена группы
Захар Зорин,друг члена группы
Станислав Агафонов,друг члена группы
Валентин Михайлов,друг члена группы
Ирина Захарова,друг члена группы
Ольга Макарова,друг члена группы
Ксения Кузмина,друг члена группы
Елена Комарова,друг члена группы
Владимир Морозов,друг члена группы
Олег Ефимов,друг члена группы
Леонид Козин,друг члена группы
Регина Соколова,друг члена группы
Савелий Козин,друг члена группы
Андрей Волков,друг члена группы
Константин Богданов,друг члена группы
Пётр Бородин,друг члена группы
Дмитрий Симонов,друг члена группы
Ксения Морозова,друг члена группы
Анна Ковалёва,друг члена группы
Геннадий Фёдоров,друг члена группы
Алексей Симонов,друг члена группы
Василий Лебедев,друг члена группы
Клара Соловьёва,друг члена группы
Фёдор Ветров,друг члена группы
Иван Лебедев,друг члена группы
Павел Тарасов,друг члена группы
Зоя Беляева,друг члена группы
Елена Орлова,друг члена группы
Ирина Воробьёва,друг члена группы
Ольга Агафонова,друг члена группы
Нина Власова,друг члена группы
Артём Соловьёв,друг члена группы
Станислав Петров,друг члена группы
Борис Петров,друг члена группы
Руслан Орлов,друг члена группы
Константин Калинин,друг члена группы
Степан Репин,друг члена группы
Ирина Симонова,друг члена группы
Василиса Воробьёва,друг члена группы
Михаил Власов,друг члена группы
Ангелина Семёнова,друг члена группы
Леонид Филиппов,друг члена группы
Степан Савельев,друг члена группы
Леонид Киселёв,друг члена группы
Анна Киселёва,друг члена группы
Семён Зайцев,друг члена группы
Савелий Титенков,друг члена группы
Лидия Волкова,друг члена группы
Владимир Репин,друг члена группы
Роман Егоров,друг члена группы
Алексей Макаров,друг члена группы
Оскар Попов,друг члена группы
Милана Баранова,друг члена группы
Екатерина Исакова,друг члена группы
Екатерина Егорова,друг члена группы
Елена Громова,друг члена группы
Владислав Лебедев,друг члена группы
Дарья Белова,друг члена группы
Виктория Макарова,друг члена группы
София Козина,друг члена группы
Виталий Тарасов,друг члена группы
Станислав Андреев,друг члена группы
Алина Ковалёва,друг члена группы
Надежда Волкова,друг члена группы
София Волкова,друг члена группы
Марина Симонова,друг члена группы
Виталий Фёдоров,друг члена группы
Анатолий Климов,друг члена группы
Елена Исакова,друг члена группы
Максим Тарасов,друг члена группы
Владислав Иванов,друг члена группы
Илья Калинин,друг члена группы
Тимур Захаров,друг члена группы
Анастасия Никитина,друг члена группы
Алексей Зайцев,друг члена группы
Матвей Богданов,друг члена группы
Денис Ефимов,друг члена группы
Евгения Крылова,друг члена группы
София Андреева,друг члена группы
Алексей Рязанцев,друг члена группы
Мария Голубева,друг члена группы
Степан Богданов,друг члена группы
Ангелина Захарова,друг члена группы
Татьяна Мартынова,друг члена группы
Милана Александрова,друг члена группы
Матвей Шишкин,друг члена группы
Люмила Белова,друг члена группы
Регина Сорокина,друг члена группы
Олег Громов,друг члена группы
Андрей Агафонов,друг члена группы
Галина Харламова,друг члена группы
Владимир Михайлов,друг члена группы
Алина Громова,друг члена группы
Дмитрий Савельев,друг члена группы
Виктория Михайлова,друг члена группы
Савелий Михайлов,друг члена группы
Анатолий Зайцев,друг члена группы
Валерий Кузнецов,друг члена группы
Ирина Петрова,друг члена группы
Семён Иванов,друг члена группы
Ольга Бородина,друг члена группы
Иван Егоров,друг члена группы
Валерий Титенков,друг члена группы
Александра Рязанцева,друг члена группы
Ангелина Козлова,друг члена группы
Василий Прохоров,друг члена группы
Аркадий Мельников,друг члена группы
Нина Смирнова,друг члена группы
Ольга Власова,друг члена группы
Екатерина Громова,друг члена группы
Юрий Волков,друг члена группы
Максим Бородин,друг члена группы
Клара Тихонова,друг члена группы
Александр Александров,друг члена группы
Яна Воробьёва,друг члена группы
Семён Александров,друг члена группы
Захар Кузнецов,друг члена группы
Борис Никитин,друг члена группы
Екатерина Ефимова,друг члена группы
Зоя Орлова,друг члена группы
Светлана Калинина,друг члена группы
Борис Егоров,друг члена группы
Анна Сорокина,друг члена группы
Глеб Беляев,друг члена группы
София Филиппова,друг члена группы
Юлия Мартынова,друг члена группы
Маргарита Орлова,друг члена группы
Иван Симонов,друг члена группы
Нина Голубева,друг члена группы
Галина Орлова,друг члена группы
Дарья Соколова,друг члена группы
Светлана Кузмина,друг члена группы
Василиса Журавлёва,друг члена группы
Анатолий Козлов,друг члена группы
Зоя Виноградова,друг члена группы
Наталья Фёдорова,друг члена группы
Ксения Смирнова,друг члена группы
Евгения Захарова,друг члена группы
Владислав Доронин,друг члена группы
Маргарита Лебедева,друг члена группы
Василиса Семёнова,друг члена группы
Виктория Комарова,друг члена группы
Алина Петрова,друг члена группы
Матвей Соловьёв,друг члена группы
Дарья Егорова,друг члена группы
Ирина Панина,друг члена группы
Дмитрий Макаров,друг члена группы
Фёдор Фёдоров,друг члена группы
Ангелина Александрова,друг члена группы
Дмитрий Волков,друг члена группы
Полина Никитина,друг члена группы
Оскар Харламов,друг члена группы
Виктор Бородин,друг члена группы
Василий Смирнов,друг члена группы
Глеб Бобров,друг члена группы
Никита Симонов,друг члена группы
Полина Иванова,друг члена группы
Матвей Белов,друг члена группы
Татьяна Климова,друг члена группы
Дмитрий Тихонов,друг члена группы
Глеб Воробьёв,друг члена группы
Валентин Иванов,друг члена группы
Алексей Мартынов,друг члена группы
Галина Симонова,друг члена группы
Матвей Громов,друг члена группы
Клара Панина,друг члена группы
Вера Белова,друг члена группы
Роман Зорин,друг члена группы
Виктория Панина,друг члена группы
Виталий Титенков,друг члена группы
Игорь Жуков,друг члена группы
Олег Прохоров,друг члена группы
Игорь Титенков,друг члена группы
Дарья Симонова,друг члена группы
Роман Филиппов,друг члена группы
София Егорова,друг члена группы
Степан Андреев,друг члена группы
Леонид Александров,друг члена группы
Валерий Ковалёв,друг члена группы
Марк Кузмин,друг члена группы
Анатолий Орлов,друг члена группы
Виталий Сорокин,друг члена группы
Любовь Бородина,друг члена группы
Ксения Филиппова,друг члена группы
Регина Журавлёва,друг члена группы
Матвей Ковалёв,друг члена группы
Александра Агафонова,друг члена группы
Яна Тихонова,друг члена группы
Денис Мартынов,друг члена группы
Екатерина Сорокина,друг члена группы
Борис Александров,друг члена группы
Анна Титенкова,друг члена группы
Регина Петрова,друг члена группы
Евгения Андреева,друг члена группы
Ксения Боброва,друг члена группы
Полина Морозова,друг члена группы
Сергей Титенков,друг члена группы
Олег Калинин,друг члена группы
Зоя Андреева,друг члена группы
Светлана Степанова,друг члена группы
Григорий Жуков,друг члена группы
Фёдор Крылов,друг члена группы
Ольга Козина,друг члена группы
Любовь Козлова,друг члена группы
Геннадий Соловьёв,друг члена группы
Виталий Михайлов,друг члена группы
Иван Бородин,друг члена группы
Александр Иванов,друг члена группы
Денис Михайлов,друг члена группы
Люмила Соловьёва,друг члена группы
Варвара Богданова,друг члена группы
Савелий Харламов,друг члена группы
Григорий Попов,друг члена группы
Ксения Тарасова,друг члена группы
Даниил Репин,друг члена группы
Юлия Власова,друг члена группы
Михаил Смирнов,друг члена группы
Геннадий Тихонов,друг члена группы
Анна Харламова,друг члена группы
Григорий Громов,друг члена группы
Вера Михайлова,друг члена группы
Гавриил Васильев,друг члена группы
Александра Титенкова,друг члена группы
Захар Соловьёв,друг члена группы
Кирилл Виноградов,друг члена группы
Виктор Прохоров,друг члена группы
Владислав Голубев,друг члена группы
Сергей Егоров,друг члена группы
Фёдор Киселёв,друг члена группы
Константин Рязанцев,друг члена группы
Геннадий Агафонов,друг члена группы
Сергей Михайлов,друг члена группы
Сергей Власов,друг члена группы
Максим Кузмин,друг члена группы
Александр Рязанцев,друг члена группы
Оксана Павлова,друг члена группы
Савелий Рязанцев,друг члена группы
Маргарита Боброва,друг члена группы
Анатолий Александров,друг члена группы
Юлия Зайцева,друг члена группы
Егор Бородин,друг члена группы
Дарья Попова,друг члена группы
Тимур Доронин,друг члена группы
Елена Журавлёва,друг члена группы
Илья Смирнов,друг члена группы
Константин Павлов,друг члена группы
Матвей Козлов,друг члена группы
Алина Захарова,друг члена группы
Глеб Крылов,друг члена группы
Ксения Ветрова,друг члена группы
Ангелина Климова,друг члена группы
Иван Богданов,друг члена группы
Клара Жукова,друг члена группы
Оксана Зайцева,друг члена группы
Алексей Голубев,друг члена группы
Люмила Семёнова,друг члена группы
Оскар Шишкин,друг члена группы
Анастасия Власова,друг члена группы
Захар Доронин,друг члена группы
Виктор Гусев,друг члена группы
Анна Панина,друг члена группы
Константин Фёдоров,друг члена группы
Пётр Симонов,друг члена группы
Маргарита Соловьёва,друг члена группы
Ангелина Ефимова,друг члена группы
Тамара Доронина,друг члена группы
Егор Орлов,друг члена группы
Артём Захаров,друг члена группы
Максим Александров,друг члена группы
Полина Беляева,друг члена группы
Полина Баранова,друг члена группы
Олег Фёдоров,друг члена группы
Тамара Беляева,друг члена группы
Андрей Титенков,друг члена группы
Оскар Прохоров,друг члена группы
Анна Бородина,друг члена группы
Пётр Васильев,друг члена группы
Ольга Павлова,друг члена группы
Николай Ковалёв,друг члена группы
Леонид Петров,друг члена группы
Анна Соловьёва,друг члена группы
Максим Гордеев,друг члена группы
Ксения Сорокина,друг члена группы
Роман Андреев,друг члена группы
Светлана Смирнова,друг члена группы
Ирина Шарова,друг члена группы
Илья Агафонов,друг члена группы
Анатолий Голубев,друг члена группы
Григорий Орлов,друг члена группы
Ангелина Васильева,друг члена группы
Дмитрий Орлов,друг члена группы
Григорий Панин,друг члена группы
Валерий Зайцев,друг члена группы
Николай Попов,друг члена группы
Полина Титенкова,друг члена группы
Тамара Михайлова,друг члена группы
Дарья Зорина,друг члена группы
Галина Шишкина,друг члена группы
Люмила Репина,друг члена группы
Дарья Голубева,друг члена группы
Анатолий Савельев,друг члена группы
Борис Павлов,друг члена группы
Екатерина Никитина,друг члена группы
Иван Белов,друг члена группы
Мария Рязанцева,друг члена группы
Юлия Васильева,друг члена группы
Геннадий Рязанцев,друг члена группы
Юлия Степанова,друг члена группы
Даниил Агафонов,друг члена группы
Марк Козлов,друг члена группы
Светлана Голубева,друг члена группы
Пётр Титенков,друг члена группы
Иван Гордеев,друг члена группы
Валерий Ветров,друг члена группы
Евгений Титенков,друг члена группы
Яна Доронина,друг члена группы
Вероника Тихонова,друг члена группы
Марк Титенков,друг члена группы
Люмила Александрова,друг члена группы
Юлия Комарова,друг члена группы
Савелий Климов,друг члена группы
София Беляева,друг члена группы
Михаил Морозов,друг члена группы
Гавриил Исаков,друг члена группы
Григорий Богданов,друг члена группы
Марина Беляева,друг члена группы
Николай Сорокин,друг члена группы
Геннадий Баранов,друг члена группы
Вера Беляева,друг члена группы
Евгений Панин,друг члена группы
Анатолий Журавлёв,друг члена группы
Ольга Степанова,друг члена группы
Аркадий Козин,друг члена группы
Вера Мартынова,друг члена группы
Тамара Мартынова,друг члена группы
Зоя Савельева,друг члена группы
Зоя Степанова,друг члена группы
Денис Попов,друг члена группы
Юрий Морозов,друг члена группы
Иван Голубев,друг члена группы
Владимир Панин,друг члена группы
Максим Ефимов,друг члена группы
Варвара Семёнова,друг члена группы
Григорий Прохоров,друг члена группы
Юрий Павлов,друг члена группы
Аркадий Гусев,друг члена группы
Наталья Андреева,друг члена группы
Михаил Степанов,друг члена группы
Татьяна Шишкина,друг члена группы
Оскар Симонов,друг члена группы
Яна Соловьёва,друг члена группы
Регина Харламова,друг члена группы
Валерий Новиков,друг члена группы
Руслан Соколов,друг члена группы
Надежда Голубева,друг члена группы
Нина Гордеева,друг члена группы
Степан Егоров,друг члена группы
Леонид Фёдоров,друг члена группы
Клара Комарова,друг члена группы
Семён Зорин,друг члена группы
Глеб Богданов,друг члена группы
София Панина,друг члена группы
Василиса Никитина,друг члена группы
Валентин Голубев,друг члена группы
Борис Васильев,друг члена группы
Милана Жукова,друг члена группы
Виктория Шишкина,друг члена группы
Владислав Петров,друг члена группы
Владимир Смирнов,друг члена группы
Фёдор Тихонов,друг члена группы
Семён Исаков,друг члена группы
Елизавета Харламова,друг члена группы
Ирина Александрова,друг члена группы
Савелий Шаров,друг члена группы
Егор Тихонов,друг члена группы
Максим Зайцев,друг члена группы
Руслан Гусев,друг члена группы
Регина Иванова,друг члена группы
Екатерина Тихонова,друг члена группы
Валентин Жуков,друг члена группы
Клара Филиппова,друг члена группы
Евгений Беляев,друг члена группы
Регина Лебедева,друг члена группы
Леонид Никитин,друг члена группы
Полина Прохорова,друг члена группы
Клара Богданова,друг члена группы
Михаил Павлов,друг члена группы
Вероника Доронина,друг члена группы
Борис Белов,друг члена группы
Пётр Харламов,друг члена группы
Захар Шаров,друг члена группы
Татьяна Егорова,друг члена группы
Евгения Михайлова,друг члена группы
Павел Егоров,друг члена группы
Наталья Кузмина,друг члена группы
Роман Смирнов,друг члена группы
Степан Зайцев,друг члена группы
Татьяна Морозова,друг члена группы
Владимир Белов,друг члена группы
Александр Морозов,друг члена группы
Тамара Соколова,друг члена группы
Никита Ефимов,друг члена группы
Алина Кузнецова,друг члена группы
Клара Крылова,друг члена группы
Виктория Рязанцева,друг члена группы
Артём Кузнецов,друг члена группы
Марк Волков,друг члена группы
Юлия Ковалёва,друг члена группы
Владислав Александров,друг члена группы
Даниил Степанов,друг члена группы
Регина Беляева,друг члена группы
Владислав Кузмин,друг члена группы
Ирина Сорокина,друг члена группы
Егор Титенков,друг члена группы
Люмила Филиппова,друг члена группы
Тамара Никитина,друг члена группы
Леонид Новиков,друг члена группы
Тимур Степанов,друг члена группы
Анастасия Голубева,друг члена группы
Иван Исаков,друг члена группы
Матвей Власов,друг члена группы
Степан Морозов,друг члена группы
Милана Харламова,друг члена группы
Борис Тарасов,друг члена группы
Пётр Баранов,друг члена группы
Галина Павлова,друг члена группы
Семён Шишкин,друг члена группы
Даниил Филиппов,друг члена группы
Руслан Репин,друг члена группы
Иван Семёнов,друг члена группы
Борис Харламов,друг члена группы
Николай Беляев,друг члена группы
Анастасия Симонова,друг члена группы
Наталья Жукова,друг члена группы
Ольга Васильева,друг члена группы
Фёдор Морозов,друг члена группы
Василий Егоров,друг члена группы
Олег Семёнов,друг члена группы
Светлана Павлова,друг члена группы
Роман Гусев,друг члена группы
Люмила Власова,друг члена группы
Надежда Орлова,друг члена группы
Гавриил Степанов,друг члена группы
Евгения Климова,друг члена группы
Александра Белова,друг члена группы
Елена Репина,друг члена группы
Екатерина Рязанцева,друг члена группы
Егор Крылов,друг члена группы
Денис Воробьёв,друг члена группы
Василиса Соловьёва,друг члена группы
Михаил Васильев,друг члена группы
Максим Бобров,друг члена группы
Татьяна Панина,друг члена группы
Роман Захаров,друг члена группы
Вера Исакова,друг члена группы
Оскар Егоров,друг члена группы
Евгений Фёдоров,друг члена группы
Ирина Лебедева,друг члена группы
Светлана Орлова,друг члена группы
Алексей Ковалёв,друг члена группы
Глеб Бородин,друг члена группы
Юрий Прохоров,друг члена группы
Михаил Орлов,друг члена группы
Артём Шишкин,друг члена группы
Ирина Михайлова,друг члена группы
Андрей Воробьёв,друг члена группы
Надежда Титенкова,друг члена группы
Ксения Петрова,друг члена группы
Надежда Иванова,друг члена группы
Пётр Гордеев,друг члена группы
Ксения Голубева,друг члена группы
Ирина Зорина,друг члена группы
Александр Ефимов,друг члена группы
Иван Панин,друг члена группы
Валерий Мартынов,друг члена группы
Тамара Журавлёва,друг члена группы
Екатерина Голубева,друг члена группы
Пётр Андреев,друг члена группы
София Рязанцева,друг члена группы
Ангелина Соловьёва,друг члена группы
Елизавета Савельева,друг члена группы
Клара Фёдорова,друг члена группы
Аркадий Шишкин,друг члена группы
Регина Агафонова,друг члена группы
Люмила Сорокина,друг члена группы
Кирилл Мартынов,друг члена группы
Лидия Зайцева,друг члена группы
Руслан Гордеев,друг члена группы
Евгения Баранова,друг члена группы
Ксения Зорина,друг члена группы
Андрей Степанов,друг члена группы
Алексей Комаров,друг члена группы
Кирилл Зайцев,друг члена группы
Виктор Шишкин,друг члена группы
Максим Панин,друг члена группы
Михаил Жуков,друг члена группы
Тамара Сорокина,друг члена группы
Денис Власов,друг члена группы
Ангелина Харламова,друг члена группы
Вера Панина,друг члена группы
Даниил Кузнецов,друг члена группы
Маргарита Крылова,друг члена группы
Галина Лебедева,друг члена группы
Регина Павлова,друг члена группы
Клара Логинова,друг члена группы
Татьяна Козлова,друг члена группы
Кирилл Крылов,друг члена группы
Оксана Репина,друг члена группы
Аркадий Виноградов,друг члена группы
Лидия Тарасова,друг члена группы
Илья Ветров,друг члена группы
Дмитрий Зорин,друг члена группы
Станислав Макаров,друг члена группы
Леонид Смирнов,друг члена группы
Савелий Макаров,друг члена группы
Михаил Козин,друг члена группы
Оскар Ветров,друг члена группы
Геннадий Семёнов,друг члена группы
Олег Панин,друг члена группы
Андрей Фёдоров,друг члена группы
Евгения Гордеева,друг члена группы
Василий Власов,друг члена группы
Маргарита Шишкина,друг члена группы
Виталий Богданов,друг члена группы
Валентин Соловьёв,друг члена группы
Марк Макаров,друг члена группы
Станислав Никитин,друг члена группы
Милана Новикова,друг члена группы
Владимир Кузнецов,друг члена группы
Василиса Климова,друг члена группы
Игорь Громов,друг члена группы
Алина Александрова,друг члена группы
Артём Мельников,друг члена группы
Елена Ветрова,друг члена группы
Анатолий Морозов,друг члена группы
Дмитрий Репин,друг члена группы
Степан Шаров,друг члена группы
Елена Богданова,друг члена группы
Светлана Мельникова,друг члена группы
Вероника Кузнецова,друг члена группы
Семён Козлов,друг члена группы
Даниил Исаков,друг члена группы
Надежда Павлова,друг члена группы
София Журавлёва,друг члена группы
Мария Тарасова,друг члена группы
Ангелина Смирнова,друг члена группы
Наталья Никитина,друг члена группы
Юлия Харламова,друг члена группы
Оксана Семёнова,друг члена группы
Дмитрий Калинин,друг члена группы
Валерий Харламов,друг члена группы
Иван Киселёв,друг члена группы
Елена Козлова,друг члена группы
Геннадий Андреев,друг члена группы
Юлия Захарова,друг члена группы
Дмитрий Морозов,друг члена группы
Глеб Белов,друг члена группы
Савелий Панин,друг члена группы
Екатерина Ветрова,друг члена группы
Анастасия Доронина,друг члена группы
Артём Семёнов,друг члена группы
Клара Киселёва,друг члена группы
Даниил Белов,друг члена группы
Павел Ветров,друг члена группы
Яна Васильева,друг члена группы
Анатолий Зорин,друг члена группы
Юрий Никитин,друг члена группы
Анатолий Никитин,друг члена группы
Марк Белов,друг члена группы
Маргарита Комарова,друг члена группы
Яна Макарова,друг члена группы
Иван Кузмин,друг члена группы
Люмила Волкова,друг члена группы
Анастасия Ковалёва,друг члена группы
Егор Петров,друг члена группы
Кирилл Волков,друг члена группы
Юрий Доронин,друг члена группы
Александр Павлов,друг члена группы
Станислав Голубев,друг члена группы
Наталья Киселёва,друг члена группы
Алексей Михайлов,друг члена группы
Захар Жуков,друг члена группы
Илья Морозов,друг члена группы
Борис Калинин,друг члена группы
Степан Рязанцев,друг члена группы
Тимур Калинин,друг члена группы
Алексей Степанов,друг члена группы
Артём Филиппов,друг члена группы
Вера Шишкина,друг члена группы
Ангелина Соколова,друг члена группы
Екатерина Гордеева,друг члена группы
Василиса Доронина,друг члена группы
Елизавета Зайцева,друг члена группы
Клара Лебедева,друг члена группы
Константин Беляев,друг члена группы
Гавриил Рязанцев,друг члена группы
Варвара Гусева,друг члена группы
Геннадий Климов,друг члена группы
Анастасия Журавлёва,друг члена группы
Виктор Симонов,друг члена группы
Тимур Семёнов,друг члена группы
Галина Зимина,друг члена группы
Николай Гусев,друг члена группы
Роман Репин,друг члена группы
Игорь Доронин,друг члена группы
Надежда Бородина,друг члена группы
Алексей Харламов,друг члена группы
Олег Морозов,друг члена группы
Никита Никитин,друг члена группы
Светлана Зимина,друг члена группы
Зоя Соловьёва,друг члена группы
Ольга Морозова,друг члена группы
Варвара Харламова,друг члена группы
Максим Семёнов,друг члена группы
Иван Калинин,друг члена группы
Яна Егорова,друг члена группы
Люмила Бородина,друг члена группы
Александр Зимин,друг члена группы
София Баранова,друг члена группы
Борис Фёдоров,друг члена группы
Ольга Белова,друг члена группы
Константин Филиппов,друг члена группы
Григорий Воробьёв,друг члена группы
Константин Громов,друг члена группы
Даниил Крылов,друг члена группы
Мария Попова,друг члена группы
Елизавета Симонова,друг члена группы
Анна Громова,друг члена группы
Мария Калинина,друг члена группы
Матвей Титенков,друг члена группы
Галина Васильева,друг члена группы
Светлана Ветрова,друг члена группы
Виктор Кузмин,друг члена группы
Светлана Панина,друг члена группы
Екатерина Морозова,друг члена группы
Илья Исаков,друг члена группы
Леонид Крылов,друг члена группы
Елена Филиппова,друг члена группы
Захар Мартынов,друг члена группы
Даниил Соколов,друг члена группы
Вероника Мельникова,друг члена группы
Виктория Иванова,друг члена группы
Александр Климов,друг члена группы
Александра Шишкина,друг члена группы
Любовь Захарова,друг члена группы
Елизавета Журавлёва,друг члена группы
Марк Васильев,друг члена группы
Галина Агафонова,друг члена группы
Нина Андреева,друг члена группы
Светлана Фёдорова,друг члена группы
Евгений Павлов,друг члена группы
Александра Кузнецова,друг члена группы
Илья Комаров,друг члена группы
Нина Жукова,друг члена группы
Марк Зимин,друг члена группы
Марк Воробьёв,друг члена группы
Светлана Исакова,друг члена группы
Захар Исаков,друг члена группы
Владислав Богданов,друг члена группы
Регина Киселёва,друг члена группы
Артём Доронин,друг члена группы
Анна Соколова,друг члена группы
Любовь Попова,друг члена группы
Гавриил Андреев,друг члена группы
Савелий Зайцев,друг члена группы
Елена Морозова,друг члена группы
Марина Кузмина,друг члена группы
Тимур Климов,друг члена группы
Григорий Симонов,друг члена группы
Пётр Захаров,друг члена группы
Михаил Сорокин,друг члена группы
Леонид Волков,друг члена группы
Олег Белов,друг члена группы
Любовь Андреева,друг члена группы
Евгений Мельников,друг члена группы
Василиса Киселёва,друг члена группы
Савелий Зимин,друг члена группы
Тамара Гусева,друг члена группы
Оскар Макаров,друг члена группы
Светлана Воробьёва,друг члена группы
Дмитрий Соколов,друг члена группы
Григорий Зайцев,друг члена группы
Лидия Калинина,друг члена группы
Надежда Козина,друг члена группы
Валерий Семёнов,друг члена группы
Захар Мельников,друг члена группы
Андрей Иванов,друг члена группы
Елизавета Логинова,друг члена группы
Сергей Козин,друг члена группы
Елена Шишкина,друг члена группы
Екатерина Шишкина,друг члена группы
Алина Морозова,друг члена группы
Ирина Комарова,друг члена группы
Игорь Гордеев,друг члена группы
Лидия Мельникова,друг члена группы
Сергей Семёнов,друг члена группы
Варвара Титенкова,друг члена группы
Нина Боброва,друг члена группы
Евгения Титенкова,друг члена группы
Даниил Беляев,друг члена группы
Владимир Бобров,друг члена группы
Кирилл Сорокин,друг члена группы
Владимир Ефимов,друг члена группы
Константин Журавлёв,друг члена группы
Василий Ефимов,друг члена группы
Сергей Кузнецов,друг члена группы
Максим Шаров,друг члена группы
Ольга Калинина,друг члена группы
Дмитрий Козлов,друг члена группы
Захар Козлов,друг члена группы
Глеб Кузмин,друг члена группы
Алина Смирнова,друг члена группы
Ксения Рязанцева,друг члена группы
Константин Волков,друг члена группы
Алексей Кузмин,друг члена группы
Вера Гусева,друг члена группы
Савелий Иванов,друг члена группы
Татьяна Гордеева,друг члена группы
Татьяна Васильева,друг члена группы
Полина Александрова,друг члена группы
Александра Сорокина,друг члена группы
Анатолий Баранов,друг члена группы
Виктор Гордеев,друг члена группы
Марк Беляев,друг члена группы
Владислав Фёдоров,друг члена группы
Вероника Ветрова,друг члена группы
Евгения Мартынова,друг члена группы
Леонид Воробьёв,друг члена группы
Кирилл Никитин,друг члена группы
Руслан Власов,друг члена группы
Анатолий Соколов,друг члена группы
Михаил Панин,друг члена группы
Марина Богданова,друг члена группы
Тамара Зимина,друг члена группы
Евгений Зорин,друг члена группы
Регина Кузнецова,друг члена группы
Олег Зорин,друг члена группы
Клара Тарасова,друг члена группы
Марина Голубева,друг члена группы
Яна Захарова,друг члена группы
Станислав Зорин,друг члена группы
Дарья Климова,друг члена группы
Анастасия Иванова,друг члена группы
Геннадий Бородин,друг члена группы
Аркадий Захаров,друг члена группы
Надежда Егорова,друг члена группы
Борис Семёнов,друг члена группы
Борис Баранов,друг члена группы
София Захарова,друг члена группы
Степан Фёдоров,друг члена группы
Николай Зимин,друг члена группы
Фёдор Никитин,друг члена группы
Виктор Тихонов,друг члена группы
Валентин Прохоров,друг члена группы
Савелий Васильев,друг члена группы
Максим Исаков,друг члена группы
Анастасия Васильева,друг члена группы
София Симонова,друг члена группы
Татьяна Виноградова,друг члена группы
Руслан Баранов,друг члена группы
Александр Логинов,друг члена группы
Степан Калинин,друг члена группы
Мария Шарова,друг члена группы
Егор Власов,друг члена группы
Любовь Харламова,друг члена группы
Александра Боброва,друг члена группы
Татьяна Зимина,друг члена группы
Станислав Ефимов,друг члена группы
Татьяна Харламова,друг члена группы
Лидия Крылова,друг члена группы
Александра Лебедева,друг члена группы
Полина Кузмина,друг члена группы
Галина Ковалёва,друг члена группы
Артём Смирнов,друг члена группы
Юлия Кузмина,друг члена группы
Степан Филиппов,друг члена группы
Тамара Логинова,друг члена группы
Тамара Исакова,друг члена группы
Валерий Филиппов,друг члена группы
Савелий Репин,друг члена группы
Вероника Прохорова,друг члена группы
Савелий Бобров,друг члена группы
Григорий Филиппов,друг члена группы
Руслан Кузнецов,друг члена группы
Кирилл Воробьёв,друг члена группы
Семён Смирнов,друг члена группы
Галина Климова,друг члена группы
Александра Егорова,друг члена группы
Юлия Егорова,друг члена группы
Артём Васильев,друг члена группы
Полина Богданова,друг члена группы
Регина Доронина,друг члена группы
Семён Комаров,друг члена группы
Степан Кузмин,друг члена группы
Владимир Соловьёв,друг члена группы
Нина Тихонова,друг члена группы
Регина Орлова,друг члена группы
Егор Богданов,друг члена группы
Глеб Исаков,друг члена группы
Полина Бородина,друг члена группы
Оскар Агафонов,друг члена группы
Лидия Орлова,друг члена группы
Юрий Тихонов,друг члена группы
Анастасия Смирнова,друг члена группы
Ангелина Доронина,друг члена группы
Алина Богданова,друг члена группы
Аркадий Ветров,друг члена группы
Милана Мартынова,друг члена группы
Ангелина Морозова,друг члена группы
Вероника Симонова,друг члена группы
Варвара Журавлёва,друг члена группы
Наталья Степанова,друг члена группы
Дмитрий Соловьёв,друг члена группы
Анастасия Гусева,друг члена группы
Дарья Андреева,друг члена группы
Захар Громов,друг члена группы
Вероника Зимина,друг члена группы
Вероника Гордеева,друг члена группы
Владимир Гордеев,друг члена группы
Григорий Сорокин,друг члена группы
Ксения Гордеева,друг члена группы
Надежда Ветрова,друг члена группы
Маргарита Зорина,друг члена группы
Иван Жуков,друг члена группы
Илья Мартынов,друг члена группы
Юрий Воробьёв,друг члена группы
Владимир Егоров,друг члена группы
Анатолий Петров,друг члена группы
Артём Орлов,друг члена группы
Евгения Репина,друг члена группы
Михаил Исаков,друг члена группы
Люмила Доронина,друг члена группы
Наталья Савельева,друг члена группы
Яна Фёдорова,друг члена группы
Степан Ковалёв,друг члена группы
Татьяна Беляева,друг члена группы
Глеб Лебедев,друг члена группы
Леонид Морозов,друг члена группы
Дмитрий Ветров,друг члена группы
Владислав Бородин,друг члена группы
Виктория Громова,друг члена группы
Иван Харламов,друг члена группы
Вероника Гусева,друг члена группы
Любовь Фёдорова,друг члена группы
Максим Крылов,друг члена группы
Оскар Зорин,друг члена группы
Глеб Андреев,друг члена группы
Аркадий Климов,друг члена группы
Варвара Васильева,друг члена группы
Илья Мельников,друг члена группы
Станислав Новиков,друг члена группы
Марина Бородина,друг члена группы
Михаил Киселёв,друг члена группы
Илья Сорокин,друг члена группы
Никита Мельников,друг члена группы
Фёдор Белов,друг члена группы
Ксения Богданова,друг члена группы
Марина Калинина,друг члена группы
Валерий Панин,друг члена группы
Нина Савельева,друг члена группы
Анна Прохорова,друг члена группы
Тимур Панин,друг члена группы
Юлия Логинова,друг члена группы
Захар Ефимов,друг члена группы
Алина Комарова,друг члена группы
Павел Богданов,друг члена группы
Максим Мельников,друг члена группы
Ольга Никитина,друг члена группы
Владимир Ветров,друг члена группы
Гавриил Гусев,друг члена группы
Вероника Климова,друг члена группы
Гавриил Новиков,друг члена группы
Руслан Киселёв,друг члена группы
Вероника Ефимова,друг члена группы
Александр Лебедев,друг члена группы
Наталья Крылова,друг члена группы
Вера Александрова,друг члена группы
Яна Беляева,друг члена группы
Елена Михайлова,друг члена группы
Зоя Логинова,друг члена группы
София Смирнова,друг члена группы
Григорий Иванов,друг члена группы
Борис Титенков,друг члена группы
Марк Власов,друг члена группы
Михаил Кузнецов,друг члена группы
Елена Власова,друг члена группы
Екатерина Белова,друг члена группы
Олег Титенков,друг члена группы
Ангелина Кузнецова,друг члена группы
Савелий Белов,друг члена группы
Семён Белов,друг члена группы
Николай Тихонов,друг члена группы
Игорь Крылов,друг члена группы
Руслан Смирнов,друг члена группы
Василий Волков,друг члена группы
Ангелина Мельникова,друг члена группы
Павел Фёдоров,друг члена группы
Василий Мельников,друг члена группы
Ксения Агафонова,друг члена группы
Артём Сорокин,друг члена группы
Владимир Жуков,друг члена группы
Мария Кузнецова,друг члена группы
Максим Соколов,друг члена группы
Анатолий Бобров,друг члена группы
Михаил Петров,друг члена группы
Марк Александров,друг члена группы
Елизавета Ветрова,друг члена группы
Степан Иванов,друг члена группы
Илья Павлов,друг члена группы
Дарья Орлова,друг члена группы
Ирина Прохорова,друг члена группы
Юрий Соловьёв,друг члена группы
Игорь Михайлов,друг члена группы
Яна Мартынова,друг члена группы
Люмила Павлова,друг члена группы
Владимир Голубев,друг члена группы
Леонид Соколов,друг члена группы
Иван Журавлёв,друг члена группы
Геннадий Беляев,друг члена группы
Артём Логинов,друг члена группы
Зоя Михайлова,друг члена группы
Александр Доронин,друг члена группы
Михаил Зимин,друг члена группы
Вероника Новикова,друг члена группы
София Кузнецова,друг члена группы
Руслан Васильев,друг члена группы
Даниил Волков,друг члена группы
Илья Беляев,друг члена группы
Аркадий Орлов,друг члена группы
Дарья Гордеева,друг члена группы
Никита Воробьёв,друг члена группы
Михаил Воробьёв,друг члена группы
Регина Степанова,друг члена группы
Никита Агафонов,друг члена группы
Яна Власова,друг члена группы
Виктория Новикова,друг члена группы
Олег Андреев,друг члена группы
Олег Агафонов,друг члена группы
Владислав Андреев,друг члена группы
Светлана Виноградова,друг члена группы
Анна Зайцева,друг члена группы
Егор Зорин,друг члена группы
Ольга Егорова,друг члена группы
Вероника Васильева,друг члена группы
Любовь Степанова,друг члена группы
Михаил Александров,друг члена группы
Тамара Рязанцева,друг члена группы
Валентин Репин,друг члена группы
Михаил Кузмин,друг члена группы
Александр Орлов,друг члена группы
Любовь Климова,друг члена группы
Ангелина Попова,друг члена группы
Аркадий Агафонов,друг члена группы
Ольга Шишкина,друг члена группы
Леонид Жуков,друг члена группы
Евгения Фёдорова,друг члена группы
Глеб Киселёв,друг члена группы
Фёдор Бородин,друг члена группы
Александр Михайлов,друг члена группы
Владислав Сорокин,друг члена группы
Оксана Степанова,друг члена группы
Василий Морозов,друг члена группы
Дарья Зимина,друг члена группы
Татьяна Власова,друг члена группы
Варвара Попова,друг члена группы
Марк Ветров,друг члена группы
Павел Смирнов,друг члена группы
Александра Симонова,друг члена группы
Ирина Тихонова,друг члена группы
Елизавета Филиппова,друг члена группы
Степан Киселёв,друг члена группы
Оксана Орлова,друг члена группы
Матвей Лебедев,друг члена группы
Егор Репин,друг члена группы
Елена Кузмина,друг члена группы
Матвей Крылов,друг члена группы
Маргарита Филиппова,друг члена группы
Ксения Беляева,друг члена группы
Зоя Александрова,друг члена группы
Евгений Никитин,друг члена группы
Валерий Михайлов,друг члена группы
Вероника Репина,друг члена группы
Игорь Прохоров,друг члена группы
Геннадий Волков,друг члена группы
Семён Бородин,друг члена группы
Мария Козлова,друг члена группы
Наталья Калинина,друг члена группы
Иван Бобров,друг члена группы
Юрий Репин,друг члена группы
Василиса Фёдорова,друг члена группы
Егор Кузнецов,друг члена группы
Аркадий Михайлов,друг члена группы
Ксения Бородина,друг члена группы
Светлана Доронина,друг члена группы
Александр Беляев,друг члена группы
Василиса Симонова,друг члена группы
Виктор Савельев,друг члена группы
Александр Соловьёв,друг члена группы
Наталья Боброва,друг члена группы
Кирилл Шаров,друг члена группы
Наталья Зорина,друг члена группы
Геннадий Симонов,друг члена группы
Ольга Комарова,друг члена группы
Матвей Петров,друг члена группы
Анатолий Белов,друг члена группы
Павел Исаков,друг члена группы
Ангелина Киселёва,друг члена группы
Евгений Попов,друг члена группы
Вероника Титенкова,друг члена группы
Люмила Гусева,друг члена группы
Владислав Громов,друг члена группы
Гавриил Савельев,друг члена группы
Дмитрий Васильев,друг члена группы
Вероника Захарова,друг члена группы
Григорий Баранов,друг члена группы
Анатолий Михайлов,друг члена группы
Юрий Калинин,друг члена группы
Роман Зимин,друг члена группы
Роман Степанов,друг члена группы
Екатерина Михайлова,друг члена группы
Егор Новиков,друг члена группы
Олег Голубев,друг члена группы
Андрей Гусев,друг члена группы
Мария Воробьёва,друг члена группы
Анатолий Гордеев,друг члена группы
Марк Соколов,друг члена группы
Надежда Никитина,друг члена группы
Лидия Ефимова,друг члена группы
Роман Логинов,друг члена группы
Анастасия Орлова,друг члена группы
Фёдор Голубев,друг члена группы
Тимур Шаров,друг члена группы
Евгения Белова,друг члена группы
Милана Агафонова,друг члена группы
Яна Рязанцева,друг члена группы
Никита Белов,друг члена группы
Захар Беляев,друг члена группы
Максим Соловьёв,друг члена группы
Варвара Зорина,друг члена группы
Валентин Фёдоров,друг члена группы
Борис Козин,друг члена группы
Савелий Павлов,друг члена группы
Лидия Боброва,друг члена группы
Нина Панина,друг члена группы
Захар Фёдоров,друг члена группы
Михаил Климов,друг члена группы
Роман Богданов,друг члена группы
Глеб Гусев,друг члена группы
Люмила Андреева,друг члена группы
Дарья Ветрова,друг члена группы
Гавриил Смирнов,друг члена группы
Анастасия Ветрова,друг члена группы
Полина Савельева,друг члена группы
Любовь Гордеева,друг члена группы
Фёдор Захаров,друг члена группы
Нина Степанова,друг члена группы
Любовь Смирнова,друг члена группы
Олег Лебедев,друг члена группы
Марина Жукова,друг члена группы
Денис Зимин,друг члена группы
Савелий Логинов,друг члена группы
Зоя Доронина,друг члена группы
Юрий Петров,друг члена группы
София Гусева,друг члена группы
Оксана Беляева,друг члена группы
Татьяна Филиппова,друг члена группы
Владимир Новиков,друг члена группы
Анна Петрова,друг члена группы
Савелий Волков,друг члена группы
Захар Александров,друг члена группы
Аркадий Киселёв,друг члена группы
Леонид Бобров,член группы
Владислав Репин,друг члена группы
Илья Иванов,друг члена группы
Борис Киселёв,друг члена группы
Леонид Степанов,друг члена группы
Вера Баранова,друг члена группы
Игорь Шишкин,друг члена группы
Клара Иванова,друг члена группы
Вероника Баранова,друг члена группы
Геннадий Козлов,друг члена группы
Варвара Петрова,друг члена группы
Максим Калинин,друг члена группы
Семён Громов,друг члена группы
Олег Попов,друг члена группы
Милана Козина,друг члена группы
Нина Прохорова,друг члена группы
Руслан Савельев,друг члена группы
Савелий Никитин,друг члена группы
Пётр Семёнов,друг члена группы
Ангелина Виноградова,друг члена группы
Полина Виноградова,друг члена группы
Полина Комарова,друг члена группы
Наталья Панина,друг члена группы
Тамара Степанова,друг члена группы
Никита Репин,друг члена группы
Милана Громова,друг члена группы
Фёдор Титенков,друг члена группы
Юлия Калинина,друг члена группы
Владимир Агафонов,друг члена группы
Нина Мельникова,друг члена группы
Оксана Зимина,друг члена группы
Нина Киселёва,друг члена группы
Лидия Макарова,друг члена группы
Александра Громова,друг члена группы
Мария Филиппова,друг члена группы
Ирина Никитина,друг члена группы
Лидия Власова,друг члена группы
Александр Козин,друг члена группы
Гавриил Беляев,друг члена группы
Гавриил Козлов,друг члена группы
Борис Симонов,друг члена группы
Анатолий Титенков,друг члена группы
Константин Логинов,друг члена группы
Пётр Зайцев,друг члена группы
Борис Доронин,друг члена группы
Борис Соколов,друг члена группы
Ольга Крылова,друг члена группы
Захар Павлов,друг члена группы
Андрей Семёнов,друг члена группы
Никита Богданов,друг члена группы
Александра Александрова,друг члена группы
Евгения Зимина,друг члена группы
Регина Виноградова,друг члена группы
Татьяна Белова,друг члена группы
Дмитрий Жуков,друг члена группы
Сергей Климов,друг члена группы
Оскар Орлов,друг члена группы
Алексей Орлов,друг члена группы
Регина Смирнова,друг члена группы
Галина Репина,друг члена группы
Виктория Киселёва,друг члена группы
Анна Шишкина,друг члена группы
Маргарита Калинина,друг члена группы
Ксения Захарова,друг члена группы
Глеб Иванов,друг члена группы
Оскар Баранов,друг члена группы
Анатолий Соловьёв,друг члена группы
Марина Рязанцева,друг члена группы
Вероника Комарова,друг члена группы
Марина Петрова,друг члена группы
Станислав Исаков,друг члена группы
Виталий Никитин,друг члена группы
Степан Баранов,друг члена группы
Александра Морозова,друг члена группы
Анна Кузнецова,друг члена группы
Анна Кузмина,друг члена группы
Марина Ветрова,друг члена группы
Владимир Комаров,друг члена группы
София Калинина,друг члена группы
Тимур Смирнов,друг члена группы
Виктория Зайцева,друг члена группы
Дмитрий Александров,друг члена группы
Яна Климова,друг члена группы
Евгений Егоров,друг члена группы
Милана Фёдорова,друг члена группы
Егор Иванов,друг члена группы
Любовь Киселёва,друг члена группы
Валентин Калинин,друг члена группы
Леонид Шишкин,друг члена группы
Аркадий Репин,друг члена группы
Варвара Шарова,друг члена группы
Ксения Попова,друг члена группы
Тимур Васильев,друг члена группы
Даниил Воробьёв,друг члена группы
Зоя Громова,друг члена группы
Оскар Логинов,друг члена группы
Василий Беляев,друг члена группы
Елизавета Бородина,друг члена группы
Гавриил Морозов,друг члена группы
Егор Зайцев,друг члена группы
Геннадий Прохоров,друг члена группы
Степан Зорин,друг члена группы
Ольга Репина,друг члена группы
Пётр Ефимов,друг члена группы
Ангелина Симонова,друг члена группы
Любовь Кузнецова,друг члена группы
Глеб Александров,друг члена группы
Тимур Бородин,друг члена группы
Варвара Новикова,друг члена группы
Наталья Ефимова,друг члена группы
Егор Степанов,друг члена группы
София Васильева,друг члена группы
Елена Тарасова,друг члена группы
Валерий Репин,друг члена группы
Егор Васильев,друг члена группы
Даниил Титенков,друг члена группы
Николай Жуков,друг члена группы
Евгения Мельникова,друг члена группы
Павел Семёнов,друг члена группы
Олег Александров,друг члена группы
Алина Савельева,друг члена группы
Елизавета Калинина,друг члена группы
Алексей Киселёв,друг члена группы
Илья Петров,друг члена группы
Юлия Филиппова,друг члена группы
Надежда Комарова,друг члена группы
Леонид Шаров,друг члена группы
Вера Голубева,друг члена группы
Елена Гордеева,друг члена группы
Леонид Гусев,друг члена группы
Мария Беляева,друг члена группы
Илья Гусев,друг члена группы
Ксения Макарова,друг члена группы
Валерий Зорин,друг члена группы
Семён Климов,друг члена группы
Елизавета Мартынова,друг члена группы
Елена Ефимова,друг члена группы
Екатерина Филиппова,друг члена группы
Люмила Жукова,друг члена группы
Полина Зайцева,друг члена группы
Леонид Зимин,друг члена группы
Оскар Репин,друг члена группы
Василиса Логинова,друг члена группы
Дарья Ефимова,друг члена группы
Вероника Зайцева,друг члена группы
Оксана Захарова,друг члена группы
Люмила Крылова,друг члена группы
Денис Громов,друг члена группы
Надежда Харламова,друг члена группы
Владимир Лебедев,друг члена группы
Глеб Ковалёв,друг члена группы
Михаил Титенков,друг члена группы
Василиса Ковалёва,друг члена группы
Евгения Макарова,друг члена группы
Юрий Смирнов,друг члена группы
Татьяна Ковалёва,друг члена группы
Тимур Орлов,друг члена группы
Степан Никитин,друг члена группы
Марк Бородин,друг члена группы
Клара Зимина,друг члена группы
Александр Тихонов,друг члена группы
Варвара Белова,друг члена группы
Захар Морозов,друг члена группы
Ангелина Воробьёва,друг члена группы
Григорий Киселёв,друг члена группы
Василиса Андреева,друг члена группы
Мария Никитина,друг члена группы
Анастасия Егорова,друг члена группы
Денис Савельев,друг члена группы
Марк Ковалёв,друг члена группы
Марк Мартынов,друг члена группы
Алина Соколова,друг члена группы
Татьяна Богданова,друг члена группы
Николай Бобров,друг члена группы
Полина Киселёва,друг члена группы
Олег Мартынов,друг члена группы
Владислав Морозов,друг члена группы
Михаил Ковалёв,друг члена группы
Полина Симонова,друг члена группы
Полина Андреева,друг члена группы
Нина Воробьёва,друг члена группы
Наталья Захарова,друг члена группы
Сергей Мельников,друг члена группы
Виктор Макаров,друг члена группы
Анастасия Кузмина,друг члена группы
Ольга Новикова,друг члена группы
Регина Боброва,друг члена группы
Анастасия Зорина,друг члена группы
Владислав Смирнов,друг члена группы
Гавриил Голубев,друг члена группы
Кирилл Семёнов,друг члена группы
Пётр Киселёв,друг члена группы
Вероника Громова,друг члена группы
Захар Козин,друг члена группы
Артём Козин,друг члена группы
Геннадий Козин,друг члена группы
Ольга Журавлёва,друг члена группы
Илья Воробьёв,друг члена группы
Михаил Голубев,друг члена группы
Анастасия Кузнецова,друг члена группы
Ольга Доронина,друг члена группы
Василиса Тихонова,друг члена группы
Люмила Захарова,друг члена группы
Владислав Агафонов,друг члена группы
Дарья Титенкова,друг члена группы
Андрей Богданов,друг члена группы
Вероника Журавлёва,друг члена группы
Екатерина Козина,друг члена группы
Валентин Логинов,друг члена группы
Маргарита Мартынова,друг члена группы
Тамара Андреева,друг члена группы
Валерий Крылов,друг члена группы
Виталий Прохоров,друг члена группы
Кирилл Зорин,друг члена группы
Роман Бородин,друг члена группы
Вера Рязанцева,друг члена группы
Евгений Агафонов,друг члена группы
Денис Виноградов,друг члена группы
Светлана Сорокина,друг члена группы
Ксения Зимина,друг члена группы
Ирина Волкова,друг члена группы
Лидия Иванова,друг члена группы
Алина Воробьёва,друг члена группы
Любовь Соловьёва,друг члена группы
Руслан Жуков,друг члена группы
Гавриил Крылов,друг члена группы
Степан Орлов,друг члена группы
Ольга Захарова,друг члена группы
Ксения Мельникова,друг члена группы
Егор Павлов,друг члена группы
Андрей Баранов,друг члена группы
Оскар Доронин,друг члена группы
Владислав Шишкин,друг члена группы
Алексей Ефимов,друг члена группы
Регина Власова,друг члена группы
Василиса Михайлова,друг члена группы
Александр Исаков,друг члена группы
Любовь Кузмина,друг члена группы
Вера Тарасова,друг члена группы
Валерий Тихонов,друг члена группы
Виталий Доронин,друг члена группы
Семён Логинов,друг члена группы
Валерий Смирнов,друг члена группы
Фёдор Соколов,друг члена группы
Марк Савельев,друг члена группы
Наталья Репина,друг члена группы
Полина Шарова,друг члена группы
Мария Бородина,друг члена группы
Денис Белов,друг члена группы
Анастасия Бородина,друг члена группы
Галина Сорокина,друг члена группы
Анна Макарова,друг члена группы
Гавриил Ковалёв,друг члена группы
Светлана Савельева,друг члена группы
Илья Симонов,друг члена группы
Дмитрий Журавлёв,друг члена группы
Николай Панин,друг члена группы
Владислав Шаров,друг члена группы
Анатолий Харламов,друг члена группы
Владислав Журавлёв,друг члена группы
Елена Киселёва,друг члена группы
Ангелина Власова,друг члена группы
Алина Попова,друг члена группы
Милана Иванова,друг члена группы
Даниил Доронин,друг члена группы
Зоя Зайцева,друг члена группы
Глеб Титенков,друг члена группы
Михаил Козлов,друг члена группы
Дарья Кузмина,друг члена группы
Тимур Морозов,друг члена группы
Анастасия Морозова,друг члена группы
Клара Бородина,друг члена группы
Артём Волков,друг члена группы
Татьяна Доронина,друг члена группы
Владимир Прохоров,друг члена группы
Олег Михайлов,друг члена группы
Аркадий Крылов,друг члена группы
Тимур Иванов,друг члена группы
Павел Козлов,друг члена группы
Никита Степанов,друг члена группы
Евгений Гусев,друг члена группы
Вероника Павлова,друг члена группы
Александра Павлова,друг члена группы
Елена Захарова,друг члена группы
Сергей Козлов,друг члена группы
Дмитрий Баранов,друг члена группы
Иван Мельников,друг члена группы
Евгения Зорина,друг члена группы
Варвара Тарасова,друг члена группы
Люмила Журавлёва,друг члена группы
Люмила Богданова,друг члена группы
Егор Семёнов,друг члена группы
Павел Громов,друг члена группы
Дарья Васильева,друг члена группы
Владимир Мартынов,друг члена группы
Мария Новикова,друг члена группы
Ирина Макарова,друг члена группы
Вероника Андреева,друг члена группы
Любовь Боброва,друг члена группы
Оксана Агафонова,друг члена группы
Анна Журавлёва,друг члена группы
Люмила Тарасова,друг члена группы
Павел Симонов,друг члена группы
Мария Морозова,друг члена группы
Виктор Киселёв,друг члена группы
Алексей Белов,друг члена группы
Глеб Морозов,друг члена группы
Даниил Ветров,друг члена группы
Кирилл Гусев,друг члена группы
Игорь Симонов,друг члена группы
Александра Попова,друг члена группы
Константин Шаров,друг члена группы
Любовь Комарова,друг члена группы
Люмила Иванова,друг члена группы
Оксана Воробьёва,друг члена группы
Екатерина Попова,друг члена группы
Ольга Зайцева,друг члена группы
Иван Воробьёв,друг члена группы
Тимур Соловьёв,друг члена группы
Никита Климов,друг члена группы
Ксения Симонова,друг члена группы
Юрий Ветров,друг члена группы
Игорь Комаров,друг члена группы
Анатолий Симонов,друг члена группы
Юлия Лебедева,друг члена группы
Василий Симонов,друг члена группы
Светлана Климова,друг члена группы
Станислав Симонов,друг члена группы
Зоя Боброва,друг члена группы
Виктор Фёдоров,друг члена группы
Семён Власов,друг члена группы
Аркадий Кузмин,друг члена группы
Иван Кузнецов,друг члена группы
Леонид Кузнецов,друг члена группы
Евгения Филиппова,друг члена группы
Глеб Голубев,друг члена группы
Василиса Шарова,друг члена группы
Александр Мартынов,друг члена группы
Елена Виноградова,друг члена группы
Семён Баранов,друг члена группы
Алексей Тихонов,друг члена группы
Пётр Попов,друг члена группы
Люмила Боброва,друг члена группы
Тимур Виноградов,друг члена группы
Вера Киселёва,друг члена группы
Олег Егоров,друг члена группы
Оксана Попова,друг члена группы
Наталья Гусева,друг члена группы
Геннадий Смирнов,друг члена группы
Светлана Захарова,друг члена группы
Полина Доронина,друг члена группы
Елена Прохорова,друг члена группы
Тимур Павлов,друг члена группы
Семён Калинин,друг члена группы
Ольга Михайлова,друг члена группы
Константин Степанов,друг члена группы
Мария Орлова,друг члена группы
Константин Исаков,друг члена группы
Юлия Козина,друг члена группы
Наталья Зимина,друг члена группы
Галина Макарова,друг члена группы
Дарья Соловьёва,друг члена группы
Светлана Шарова,друг члена группы
Евгений Власов,друг члена группы
Лидия Тихонова,друг члена группы
Клара Петрова,друг члена группы
Станислав Белов,друг члена группы
Мария Соловьёва,друг члена группы
Леонид Репин,друг члена группы
Светлана Боброва,друг члена группы
Никита Журавлёв,друг члена группы
Валерий Агафонов,друг члена группы
Милана Попова,друг члена группы
Алина Козлова,друг члена группы
Степан Александров,друг члена группы
Савелий Комаров,друг члена группы
Денис Крылов,друг члена группы
Павел Журавлёв,друг члена группы
Наталья Тихонова,друг члена группы
Матвей Новиков,друг члена группы
Варвара Ефимова,друг члена группы
Галина Доронина,друг члена группы
Гавриил Тихонов,друг члена группы
Роман Харламов,друг члена группы
Надежда Виноградова,друг члена группы
Мария Ветрова,друг члена группы
Галина Иванова,друг члена группы
Милана Зайцева,друг члена группы
Даниил Голубев,друг члена группы
Семён Панин,друг члена группы
Дарья Харламова,друг члена группы
Анатолий Шишкин,друг члена группы
Максим Титенков,друг члена группы
Аркадий Голубев,друг члена группы
Светлана Ефимова,друг члена группы
Люмила Прохорова,друг члена группы
Ксения Журавлёва,друг члена группы
Анна Иванова,друг члена группы
Вера Харламова,друг члена группы
Лидия Исакова,друг члена группы
Нина Лебедева,друг члена группы
Гавриил Фёдоров,друг члена группы
Константин Ковалёв,друг члена группы
Александр Ветров,друг члена группы
Григорий Захаров,друг члена группы
Захар Савельев,друг члена группы
Регина Гусева,друг члена группы
Наталья Богданова,друг члена группы
Вероника Смирнова,друг члена группы
Николай Козин,друг члена группы
Олег Иванов,друг члена группы
Артём Савельев,друг члена группы
Сергей Макаров,друг члена группы
Аркадий Ефимов,друг члена группы
Регина Мельникова,друг члена группы
Маргарита Симонова,друг члена группы
Денис Киселёв,друг члена группы
Елизавета Андреева,друг члена группы
Вера Фёдорова,друг члена группы
Сергей Прохоров,друг члена группы
Любовь Макарова,друг члена группы
Валентин Воробьёв,друг члена группы
Анастасия Петрова,друг члена группы
Елена Мартынова,друг члена группы
Елизавета Ковалёва,друг члена группы
Ольга Киселёва,друг члена группы
Тамара Ефимова,друг члена группы
Степан Зимин,друг члена группы
Регина Савельева,друг члена группы
Полина Кузнецова,друг члена группы
Андрей Новиков,друг члена группы
Яна Репина,друг члена группы
Любовь Никитина,друг члена группы
Савелий Соколов,друг члена группы
Константин Кузнецов,друг члена группы
Юрий Исаков,друг члена группы
Дмитрий Воробьёв,друг члена группы
Станислав Бобров,друг члена группы
Екатерина Беляева,друг члена группы
Зоя Никитина,друг члена группы
Екатерина Зимина,друг члена группы
Илья Соловьёв,друг члена группы
Оскар Громов,друг члена группы
Юрий Власов,друг члена группы
Светлана Крылова,друг члена группы
Елена Васильева,друг члена группы
Зоя Макарова,друг члена группы
Борис Степанов,друг члена группы
Борис Власов,друг члена группы
Артём Фёдоров,друг члена группы
Артём Агафонов,друг члена группы
Ольга Смирнова,друг члена группы
Ирина Баранова,друг члена группы
Полина Логинова,друг члена группы
Павел Крылов,друг члена группы
Виктор Исаков,друг члена группы
Борис Тихонов,друг члена группы
Люмила Зорина,друг члена группы
Юлия Репина,друг члена группы
Вера Зимина,друг члена группы
Люмила Шарова,друг члена группы
Нина Баранова,друг члена группы
Светлана Волкова,друг члена группы
София Исакова,друг члена группы
Иван Попов,друг члена группы
Фёдор Калинин,друг члена группы
Маргарита Киселёва,друг члена группы
Павел Павлов,друг члена группы
Светлана Власова,друг члена группы
Артём Титенков,друг члена группы
Григорий Мартынов,друг члена группы
Любовь Голубева,друг члена группы
Галина Гусева,друг члена группы
Иван Павлов,друг члена группы
Александр Богданов,друг члена группы
Роман Соколов,друг члена группы
Юрий Александров,друг члена группы
Оксана Макарова,друг члена группы
Аркадий Комаров,друг члена группы
Захар Комаров,друг члена группы
Маргарита Михайлова,друг члена группы
Мария Власова,друг члена группы
Виктория Гусева,друг члена группы
Владимир Андреев,друг члена группы
Елизавета Белова,друг члена группы
Фёдор Ковалёв,друг члена группы
Любовь Орлова,друг члена группы
Матвей Фёдоров,друг члена группы
Даниил Мартынов,друг члена группы
Вера Гордеева,друг члена группы
Анастасия Крылова,друг члена группы
Сергей Попов,друг члена группы
Василиса Александрова,друг члена группы
Роман Воробьёв,друг члена группы
Леонид Виноградов,друг члена группы
Аркадий Логинов,друг члена группы
Анатолий Прохоров,друг члена группы
Станислав Попов,друг члена группы
Виталий Соколов,друг члена группы
Марина Мартынова,друг члена группы
Николай Баранов,друг члена группы
Даниил Захаров,друг члена группы
Юлия Зимина,друг члена группы
Анастасия Шишкина,друг члена группы
Елена Иванова,друг члена группы
Виктория Гордеева,друг члена группы
Ирина Киселёва,друг члена группы
Денис Панин,друг члена группы
Елизавета Рязанцева,друг члена группы
Семён Павлов,друг члена группы
Пётр Жуков,друг члена группы
Владимир Богданов,друг члена группы
Виталий Волков,друг члена группы
Игорь Богданов,друг члена группы
Анна Орлова,друг члена группы
Галина Соколова,друг члена группы
Дмитрий Смирнов,друг члена группы
Кирилл Шишкин,друг члена группы
Денис Фёдоров,друг члена группы
Юлия Ефимова,друг члена группы
Иван Васильев,друг члена группы
Вера Зайцева,друг члена группы
Пётр Гусев,друг члена группы
Виталий Рязанцев,друг члена группы
Ирина Зимина,друг члена группы
Алексей Гусев,друг члена группы
Павел Лебедев,друг члена группы
Марк Исаков,друг члена группы
Артём Зайцев,друг члена группы
Зоя Тарасова,друг члена группы
Алина Прохорова,друг члена группы
Светлана Лебедева,друг члена группы
Елизавета Доронина,друг члена группы
Захар Гордеев,друг члена группы
Валентин Новиков,друг члена группы
Степан Тихонов,друг члена группы
Кирилл Ветров,друг члена группы
Милана Егорова,друг члена группы
Галина Соловьёва,друг члена группы
Александр Баранов,друг члена группы
Савелий Крылов,друг члена группы
Елена Жукова,друг члена группы
Денис Семёнов,друг члена группы
Елизавета Воробьёва,член группы
Тимур Козлов,друг члена группы
Глеб Волков,друг члена группы
Маргарита Степанова,друг члена группы
Вера Кузнецова,друг члена группы
Елена Шарова,друг члена группы
Ксения Зайцева,друг члена группы
Геннадий Мартынов,друг члена группы
Милана Мельникова,друг члена группы
Валентин Александров,друг члена группы
Николай Зорин,друг члена группы
Татьяна Волкова,друг члена группы
Вера Виноградова,друг члена группы
Семён Захаров,друг члена группы
Павел Жуков,друг члена группы
Александра Гусева,друг члена группы
Глеб Павлов,друг члена группы
Евгений Симонов,друг члена группы
Юрий Новиков,друг члена группы
Анна Зимина,друг члена группы
Нина Климова,друг члена группы
Матвей Агафонов,друг члена группы
Никита Соловьёв,друг члена группы
Нина Михайлова,друг члена группы
Ангелина Жукова,друг члена группы
Лидия Симонова,друг члена группы
Александра Захарова,друг члена группы
Игорь Филиппов,друг члена группы
Наталья Васильева,друг члена группы
Виктор Михайлов,друг члена группы
Аркадий Журавлёв,друг члена группы
Максим Волков,друг члена группы
Борис Андреев,друг члена группы
Кирилл Жуков,друг члена группы
София Репина,друг члена группы
Владимир Громов,друг члена группы
Василиса Савельева,друг члена группы
Марина Филиппова,друг члена группы
Алина Тихонова,друг члена группы
Мария Титенкова,друг члена группы
Леонид Исаков,друг члена группы
Евгения Киселёва,друг члена группы
Григорий Михайлов,друг члена группы
Виктор Филиппов,друг члена группы
Илья Ефимов,друг члена группы
Клара Никитина,друг члена группы
Анна Симонова,друг члена группы
Максим Мартынов,друг члена группы
Полина Панина,друг члена группы
Иван Ковалёв,друг члена группы
Ксения Титенкова,друг члена группы
Ксения Калинина,друг члена группы
Дмитрий Климов,друг члена группы
Владислав Виноградов,друг члена группы
Варвара Баранова,друг члена группы
Лидия Громова,друг члена группы
Александра Степанова,друг члена группы
Владислав Климов,друг члена группы
Ангелина Андреева,друг члена группы
